timestamp,mouseX,mouseY,mouseInTarget
1616776712351,487,551,1
1616776712356,484,550,1
1616776712359,481,549,1
1616776712366,478,548,1
1616776712372,475,547,1
1616776712375,473,546,1
1616776712382,470,545,1
1616776712384,467,544,1
1616776712389,464,543,1
1616776712396,461,542,1
1616776712398,459,541,1
1616776712404,456,540,1
1616776712412,453,539,1
1616776712413,451,537,1
1616776712419,448,536,1
1616776712425,445,535,1
1616776712429,443,534,1
1616776712435,440,533,1
1616776712442,438,532,1
1616776712443,435,531,1
1616776712450,433,531,0
1616776712454,430,530,0
1616776712458,428,530,0
1616776712464,426,529,0
1616776712472,423,529,0
1616776712474,420,529,0
1616776712479,418,529,0
1616776712486,415,528,0
1616776712489,412,528,0
1616776712494,409,528,0
1616776712502,406,528,0
1616776712503,403,528,0
1616776712509,400,528,0
1616776712515,397,528,0
1616776712519,394,528,0
1616776712525,391,528,0
1616776712532,388,528,0
1616776712533,385,528,0
1616776712539,382,528,0
1616776712546,379,528,0
1616776712548,375,528,0
1616776712554,372,528,0
1616776712557,369,528,0
1616776712563,365,528,0
1616776712570,362,528,0
1616776712572,358,528,0
1616776712578,355,528,0
1616776712584,351,528,0
1616776712587,347,527,0
1616776712593,343,527,0
1616776712599,339,527,0
1616776712602,335,527,0
1616776712608,331,526,0
1616776712614,327,526,0
1616776712618,323,526,0
1616776712623,319,526,0
1616776712629,315,525,0
1616776712633,311,525,0
1616776712638,307,524,0
1616776712644,303,524,0
1616776712648,299,523,0
1616776712653,296,522,0
1616776712659,292,522,0
1616776712662,289,521,0
1616776712668,285,520,0
1616776712674,281,519,0
1616776712677,278,518,0
1616776712683,275,517,0
1616776712689,271,516,0
1616776712693,268,515,0
1616776712698,265,513,0
1616776712705,262,512,0
1616776712707,259,511,0
1616776712713,255,509,0
1616776712719,252,508,0
1616776712723,249,507,0
1616776712728,246,505,0
1616776712732,243,504,0
1616776712737,241,503,0
1616776712743,238,501,0
1616776712746,235,500,0
1616776712752,233,499,0
1616776712758,230,497,0
1616776712762,228,496,0
1616776712767,226,494,0
1616776712773,224,492,0
1616776712777,222,491,0
1616776712782,220,489,0
1616776712788,218,487,0
1616776712791,216,485,0
1616776712797,215,483,0
1616776712803,214,481,0
1616776712806,212,478,0
1616776712812,211,476,0
1616776712818,210,474,0
1616776712821,210,471,0
1616776712827,209,469,0
1616776712835,208,466,0
1616776712836,208,463,0
1616776712842,208,460,0
1616776712848,208,457,0
1616776712852,208,454,0
1616776712857,208,450,0
1616776712865,209,447,0
1616776712866,209,443,0
1616776712872,210,439,0
1616776712878,211,435,0
1616776712881,212,431,0
1616776712887,213,427,0
1616776712894,215,423,0
1616776712896,216,419,0
1616776712902,218,414,0
1616776712908,219,410,0
1616776712912,221,405,0
1616776712917,222,401,0
1616776712921,224,397,0
1616776712927,226,392,0
1616776712932,227,388,0
1616776712935,229,383,0
1616776712941,231,378,0
1616776712947,233,374,0
1616776712950,235,369,0
1616776712956,237,364,0
1616776712962,238,360,0
1616776712965,240,355,0
1616776712971,242,350,0
1616776712977,244,345,0
1616776712995,251,328,0
1616776713001,253,323,0
1616776713007,255,319,0
1616776713010,257,315,0
1616776713016,259,311,0
1616776713023,261,308,0
1616776713026,262,304,0
1616776713031,264,300,0
1616776713037,266,297,0
1616776713040,268,294,0
1616776713047,270,290,0
1616776713052,272,287,0
1616776713056,274,284,0
1616776713061,276,281,0
1616776713068,277,278,0
1616776713071,279,275,0
1616776713076,281,272,0
1616776713082,283,269,0
1616776713086,285,266,0
1616776713091,287,263,0
1616776713094,289,260,0
1616776713101,291,257,0
1616776713107,293,255,0
1616776713109,295,252,0
1616776713115,297,249,0
1616776713121,299,247,0
1616776713124,302,244,0
1616776713131,304,242,0
1616776713136,306,239,0
1616776713139,309,236,0
1616776713145,311,234,0
1616776713151,314,231,0
1616776713155,317,228,0
1616776713162,319,226,0
1616776713165,322,223,0
1616776713169,325,220,0
1616776713175,328,218,0
1616776713181,331,215,0
1616776713185,334,212,0
1616776713192,338,210,0
1616776713196,341,207,0
1616776713199,344,204,0
1616776713205,348,201,0
1616776713212,351,198,0
1616776713215,355,195,0
1616776713220,359,192,0
1616776713226,363,189,0
1616776713229,366,185,0
1616776713235,370,182,0
1616776713241,374,179,0
1616776713246,378,176,1
1616776713250,381,173,1
1616776713256,385,171,1
1616776713259,388,168,1
1616776713265,392,165,1
1616776713269,395,163,1
1616776713275,398,161,1
1616776713280,401,159,1
1616776713284,404,157,1
1616776713289,408,155,1
1616776713295,411,153,1
1616776713298,414,151,1
1616776713320,427,145,1
1616776713325,430,144,1
1616776713328,433,142,1
1616776713335,436,141,1
1616776713340,440,140,1
1616776713344,443,139,1
1616776713350,446,138,1
1616776713356,450,136,1
1616776713359,453,135,1
1616776713366,456,134,1
1616776713370,460,133,1
1616776713374,463,132,1
1616776713380,466,131,1
1616776713386,469,131,1
1616776713389,473,130,1
1616776713395,476,129,1
1616776713400,479,128,1
1616776713404,482,127,1
1616776713409,485,126,1
1616776713415,488,125,1
1616776713419,491,125,1
1616776713425,494,124,1
1616776713430,497,124,1
1616776713435,501,123,1
1616776713439,504,122,1
1616776713445,507,122,1
1616776713448,510,121,1
1616776713456,513,121,1
1616776713458,517,120,1
1616776713465,520,120,1
1616776713468,523,120,1
1616776713471,527,119,1
1616776713478,530,119,1
1616776713485,534,119,1
1616776713488,537,118,1
1616776713495,541,118,1
1616776713499,544,118,1
1616776713502,548,118,1
1616776713508,552,118,1
1616776713516,555,118,1
1616776713517,559,118,1
1616776713524,563,119,1
1616776713529,567,119,1
1616776713532,570,119,1
1616776713538,574,120,1
1616776713545,578,120,1
1616776713547,582,120,1
1616776713555,586,121,1
1616776713559,590,121,1
1616776713562,593,122,1
1616776713568,597,123,1
1616776713576,601,124,1
1616776713577,605,124,1
1616776713584,609,125,1
1616776713590,613,126,1
1616776713593,617,127,1
1616776713598,621,128,1
1616776713606,625,129,1
1616776713608,628,130,1
1616776713615,632,132,1
1616776713619,636,133,1
1616776713622,640,134,1
1616776713628,643,135,1
1616776713631,647,137,1
1616776713638,650,138,1
1616776713645,654,140,1
1616776713647,657,141,1
1616776713652,660,143,1
1616776713658,664,144,1
1616776713662,667,146,1
1616776713668,670,148,1
1616776713675,673,149,1
1616776713677,676,151,1
1616776713683,679,153,1
1616776713688,682,155,1
1616776713692,685,157,1
1616776713697,688,159,1
1616776713705,691,161,1
1616776713707,694,163,1
1616776713712,697,165,1
1616776713718,700,167,1
1616776713721,702,169,1
1616776713727,705,171,1
1616776713735,708,173,1
1616776713737,711,176,1
1616776713742,713,178,1
1616776713749,716,181,1
1616776713752,718,184,1
1616776713757,721,186,1
1616776713765,723,189,1
1616776713767,725,192,1
1616776713772,727,195,1
1616776713778,729,198,1
1616776713781,731,201,1
1616776713787,732,203,1
1616776713795,734,206,1
1616776713797,736,209,1
1616776713802,737,212,1
1616776713805,739,215,1
1616776713812,740,218,1
1616776713817,742,221,1
1616776713820,743,224,1
1616776713826,745,227,1
1616776713833,746,230,1
1616776713836,747,233,1
1616776713841,748,236,1
1616776713847,750,240,1
1616776713850,751,243,1
1616776713856,752,246,1
1616776713863,753,250,1
1616776713866,754,253,1
1616776713871,755,257,1
1616776713878,756,261,1
1616776713881,756,264,1
1616776713887,757,268,1
1616776713892,758,272,1
1616776713895,759,276,1
1616776713901,759,280,1
1616776713907,760,284,1
1616776713910,760,288,1
1616776713917,761,292,1
1616776713922,761,296,1
1616776713925,761,300,1
1616776713931,761,304,1
1616776713937,762,307,1
1616776713940,762,311,1
1616776713947,762,315,1
1616776713952,762,319,1
1616776713956,762,322,1
1616776713961,762,326,1
1616776713967,762,330,1
1616776713970,762,334,1
1616776713976,762,338,1
1616776713979,762,342,1
1616776713985,761,346,1
1616776713991,761,349,1
1616776713995,760,353,1
1616776714000,759,357,1
1616776714007,759,361,1
1616776714009,758,365,1
1616776714016,757,368,1
1616776714021,756,372,1
1616776714025,755,376,1
1616776714030,754,380,1
1616776714036,753,384,1
1616776714039,752,388,1
1616776714045,750,392,1
1616776714051,749,396,1
1616776714055,748,400,1
1616776714060,747,403,1
1616776714066,746,407,1
1616776714069,745,411,1
1616776714075,743,414,1
1616776714081,742,418,1
1616776714085,741,421,1
1616776714090,739,425,1
1616776714096,738,428,1
1616776714099,736,431,1
1616776714105,735,435,1
1616776714111,733,438,1
1616776714115,731,441,1
1616776714120,730,444,1
1616776714126,728,447,1
1616776714129,726,450,1
1616776714135,724,453,1
1616776714141,722,456,1
1616776714145,720,459,1
1616776714150,718,461,1
1616776714156,716,464,1
1616776714159,713,466,1
1616776714165,711,469,1
1616776714169,709,471,1
1616776714175,707,473,1
1616776714180,704,476,1
1616776714184,702,478,1
1616776714189,699,480,1
1616776714195,696,482,1
1616776714198,694,484,1
1616776714205,691,486,1
1616776714210,688,488,1
1616776714214,685,491,1
1616776714219,682,493,1
1616776714225,679,494,1
1616776714228,676,496,1
1616776714235,672,498,1
1616776714241,669,500,1
1616776714244,666,501,1
1616776714250,663,503,1
1616776714255,660,504,1
1616776714259,657,505,1
1616776714265,654,507,1
1616776714270,651,508,1
1616776714274,647,509,1
1616776714279,644,510,1
1616776714285,640,511,1
1616776714288,637,512,1
1616776714295,634,513,1
1616776714300,630,514,1
1616776714304,626,515,1
1616776714322,612,518,1
1616776714330,609,519,1
1616776714335,605,520,1
1616776714339,601,520,1
1616776714342,598,521,1
1616776714348,594,522,1
1616776714356,590,522,1
1616776714358,587,523,1
1616776714365,583,524,1
1616776714370,579,524,1
1616776714372,575,525,1
1616776714379,571,525,1
1616776714385,568,526,1
1616776714387,564,527,1
1616776714395,560,527,1
1616776714399,556,527,1
1616776714402,552,528,1
1616776714408,548,528,1
1616776714416,545,528,1
1616776714418,541,528,1
1616776714424,537,528,1
1616776714429,533,528,1
1616776714432,529,528,1
1616776714439,525,528,1
1616776714446,522,528,1
1616776714448,518,527,1
1616776714454,515,526,1
1616776714459,511,526,1
1616776714462,507,525,1
1616776714468,504,524,1
1616776714476,500,523,1
1616776714477,497,521,1
1616776714485,494,520,1
1616776714489,490,519,1
1616776714492,487,518,1
1616776714498,484,516,1
1616776714506,481,515,1
1616776714507,478,513,1
1616776714515,475,511,1
1616776714517,472,510,1
1616776714522,469,508,1
1616776714528,466,506,1
1616776714531,463,504,1
1616776714537,460,502,1
1616776714546,458,501,1
1616776714547,455,499,1
1616776714552,452,497,1
1616776714558,449,495,1
1616776714561,447,493,1
1616776714567,444,491,1
1616776714575,441,489,1
1616776714577,438,487,1
1616776714582,436,485,1
1616776714588,433,483,1
1616776714591,431,480,1
1616776714597,428,478,1
1616776714605,426,476,1
1616776714607,423,474,1
1616776714613,421,472,1
1616776714618,418,469,1
1616776714621,416,467,1
1616776714627,414,465,1
1616776714635,411,462,1
1616776714636,409,460,1
1616776714642,407,457,1
1616776714648,404,455,1
1616776714652,402,452,1
1616776714658,400,449,1
1616776714665,398,447,1
1616776714666,395,444,1
1616776714672,393,442,1
1616776714678,391,439,1
1616776714681,389,436,1
1616776714687,387,434,1
1616776714694,385,431,1
1616776714697,383,428,1
1616776714702,381,425,1
1616776714705,379,422,1
1616776714711,377,420,1
1616776714717,375,417,1
1616776714720,373,414,1
1616776714726,371,411,1
1616776714732,369,407,1
1616776714735,368,404,1
1616776714741,366,401,1
1616776714747,365,398,1
1616776714750,364,395,1
1616776714756,362,391,1
1616776714762,361,387,1
1616776714765,360,384,1
1616776714771,359,380,1
1616776714777,358,376,1
1616776714780,357,372,1
1616776714786,356,368,1
1616776714792,355,364,1
1616776714795,355,359,1
1616776714801,354,355,1
1616776714808,353,351,1
1616776714811,352,346,1
1616776714817,352,342,1
1616776714822,351,338,1
1616776714826,351,333,1
1616776714832,350,329,1
1616776714838,350,325,1
1616776714841,350,320,1
1616776714847,349,316,1
1616776714852,349,312,1
1616776714855,349,308,1
1616776714861,349,304,1
1616776714867,349,300,1
1616776714870,350,295,1
1616776714876,350,291,1
1616776714879,351,287,1
1616776714885,351,283,1
1616776714891,352,279,1
1616776714895,352,275,1
1616776714900,353,271,1
1616776714907,354,267,1
1616776714909,355,263,1
1616776714915,356,259,1
1616776714921,357,255,1
1616776714925,358,251,1
1616776714931,359,247,1
1616776714937,360,244,1
1616776714939,361,240,1
1616776714945,363,237,1
1616776714951,364,233,1
1616776714955,366,230,1
1616776714960,367,227,1
1616776714967,369,223,1
1616776714970,370,220,1
1616776714975,372,217,1
1616776714981,374,214,1
1616776714985,376,211,1
1616776714990,378,208,1
1616776714996,380,205,1
1616776714999,382,202,1
1616776715005,384,199,1
1616776715011,387,196,1
1616776715015,390,193,1
1616776715020,393,190,1
1616776715027,396,187,1
1616776715030,399,184,1
1616776715035,402,182,1
1616776715041,405,179,1
1616776715046,408,176,1
1616776715050,412,174,1
1616776715054,415,171,1
1616776715059,419,169,1
1616776715065,422,166,1
1616776715068,426,164,1
1616776715075,430,162,1
1616776715080,434,159,1
1616776715084,437,157,1
1616776715089,441,155,1
1616776715095,445,153,1
1616776715098,449,151,1
1616776715105,454,149,1
1616776715110,458,147,1
1616776715115,462,145,1
1616776715119,466,143,1
1616776715125,471,141,1
1616776715128,475,139,1
1616776715136,480,137,1
1616776715140,484,136,1
1616776715144,489,134,1
1616776715149,494,133,1
1616776715155,498,131,1
1616776715158,503,130,1
1616776715165,508,129,1
1616776715170,512,128,1
1616776715174,517,126,1
1616776715179,521,126,1
1616776715185,526,125,1
1616776715188,530,124,1
1616776715195,535,124,1
1616776715200,539,123,1
1616776715204,544,123,1
1616776715209,548,123,1
1616776715215,552,123,1
1616776715219,557,123,1
1616776715226,561,123,1
1616776715228,565,123,1
1616776715234,569,123,1
1616776715239,574,123,1
1616776715242,578,123,1
1616776715249,582,124,1
1616776715255,586,124,1
1616776715257,591,125,1
1616776715265,595,125,1
1616776715269,599,126,1
1616776715272,603,127,1
1616776715279,607,128,1
1616776715286,611,129,1
1616776715287,615,130,1
1616776715294,619,131,1
1616776715299,623,133,1
1616776715302,627,134,1
1616776715308,631,136,1
1616776715330,646,143,1
1616776715333,649,145,1
1616776715338,653,147,1
1616776715345,657,149,1
1616776715347,660,151,1
1616776715354,663,153,1
1616776715359,667,155,1
1616776715363,670,158,1
1616776715368,674,160,1
1616776715374,677,163,1
1616776715377,681,165,1
1616776715384,684,168,1
1616776715390,687,171,1
1616776715393,690,173,1
1616776715399,694,176,1
1616776715405,697,179,1
1616776715408,700,182,1
1616776715415,703,184,1
1616776715417,706,187,1
1616776715422,709,190,1
1616776715428,712,193,1
1616776715431,715,196,1
1616776715439,718,199,1
1616776715445,720,202,1
1616776715447,723,205,1
1616776715452,725,208,1
1616776715458,728,211,1
1616776715461,730,215,1
1616776715468,732,218,1
1616776715474,734,221,1
1616776715477,736,224,1
1616776715482,738,227,1
1616776715488,741,231,1
1616776715492,743,234,1
1616776715499,744,237,1
1616776715505,746,241,1
1616776715507,748,244,1
1616776715513,750,247,1
1616776715518,752,250,1
1616776715521,754,254,1
1616776715528,755,257,1
1616776715535,757,260,1
1616776715536,758,263,1
1616776715542,760,267,1
1616776715548,761,270,1
1616776715552,762,274,1
1616776715558,763,277,1
1616776715563,764,280,1
1616776715567,765,284,1
1616776715572,766,287,1
1616776715578,767,291,1
1616776715581,767,294,1
1616776715589,768,298,1
1616776715591,768,301,1
1616776715598,769,305,1
1616776715602,769,308,1
1616776715605,770,312,1
1616776715611,770,315,1
1616776715618,770,319,1
1616776715621,770,322,1
1616776715628,770,326,1
1616776715632,770,329,1
1616776715635,770,333,1
1616776715642,770,336,1
1616776715649,770,340,1
1616776715650,769,343,1
1616776715657,769,347,1
1616776715662,768,350,1
1616776715665,768,353,1
1616776715672,767,357,1
1616776715679,767,360,1
1616776715680,766,363,1
1616776715687,765,367,1
1616776715692,765,370,1
1616776715695,764,374,1
1616776715702,763,377,1
1616776715708,762,381,1
1616776715710,761,384,1
1616776715717,760,388,1
1616776715723,758,391,1
1616776715725,757,395,1
1616776715731,755,399,1
1616776715739,753,402,1
1616776715740,751,406,1
1616776715748,749,410,1
1616776715752,747,413,1
1616776715756,745,417,1
1616776715761,743,420,1
1616776715765,740,424,1
1616776715770,738,427,1
1616776715777,735,430,1
1616776715779,733,434,1
1616776715785,731,437,1
1616776715791,728,440,1
1616776715794,726,442,1
1616776715800,724,445,1
1616776715808,722,448,1
1616776715809,720,450,1
1616776715816,718,453,1
1616776715821,715,455,1
1616776715825,713,458,1
1616776715831,711,460,1
1616776715837,708,463,1
1616776715839,705,465,1
1616776715845,702,468,1
1616776715851,699,470,1
1616776715854,696,473,1
1616776715860,692,475,1
1616776715867,689,478,1
1616776715869,686,480,1
1616776715875,683,482,1
1616776715881,679,484,1
1616776715885,676,486,1
1616776715890,673,488,1
1616776715897,669,490,1
1616776715900,666,492,1
1616776715905,662,494,1
1616776715911,659,496,1
1616776715914,655,498,1
1616776715920,651,500,1
1616776715928,648,502,1
1616776715930,644,503,1
1616776715935,640,505,1
1616776715941,636,507,1
1616776715944,632,508,1
1616776715950,628,510,1
1616776715953,624,511,1
1616776715960,620,513,1
1616776715965,616,514,1
1616776715969,612,516,1
1616776715974,607,517,1
1616776715980,603,518,1
1616776715984,599,519,1
1616776715990,595,520,1
1616776715995,591,521,1
1616776715998,587,522,1
1616776716004,583,523,1
1616776716010,579,523,1
1616776716013,575,524,1
1616776716019,571,525,1
1616776716025,567,525,1
1616776716028,563,526,1
1616776716034,558,526,1
1616776716040,554,526,1
1616776716043,550,527,1
1616776716049,546,527,1
1616776716056,542,527,1
1616776716059,538,527,1
1616776716064,534,527,1
1616776716071,529,528,1
1616776716074,525,528,1
1616776716079,521,528,1
1616776716085,517,528,1
1616776716088,513,528,1
1616776716094,508,528,1
1616776716100,504,528,1
1616776716103,500,528,1
1616776716109,496,527,1
1616776716115,492,527,1
1616776716118,488,526,1
1616776716125,484,525,1
1616776716128,480,525,1
1616776716133,476,524,1
1616776716139,473,523,1
1616776716142,469,521,1
1616776716148,465,520,1
1616776716154,462,519,1
1616776716158,458,517,1
1616776716163,455,515,1
1616776716169,452,513,1
1616776716172,448,512,1
1616776716178,445,510,1
1616776716184,442,508,1
1616776716188,439,506,1
1616776716193,436,504,1
1616776716199,432,502,1
1616776716202,430,500,1
1616776716208,427,498,1
1616776716214,424,497,1
1616776716218,421,495,1
1616776716223,418,493,1
1616776716229,415,491,1
1616776716232,412,489,1
1616776716238,410,487,1
1616776716244,407,485,1
1616776716248,404,483,1
1616776716253,402,481,1
1616776716259,399,479,1
1616776716261,396,477,1
1616776716268,394,475,1
1616776716274,391,473,1
1616776716278,389,470,1
1616776716283,386,468,1
1616776716289,384,466,1
1616776716291,382,463,1
1616776716298,379,461,1
1616776716300,377,458,1
1616776716308,375,456,1
1616776716313,373,453,1
1616776716317,371,450,1
1616776716322,369,447,1
1616776716330,366,441,1
1616776716338,364,438,1
1616776716343,362,435,1
1616776716347,361,431,1
1616776716352,359,428,1
1616776716358,358,425,1
1616776716360,357,421,1
1616776716368,355,418,1
1616776716373,354,414,1
1616776716377,353,411,1
1616776716382,352,407,1
1616776716388,351,404,1
1616776716390,350,400,1
1616776716398,349,397,1
1616776716403,348,393,1
1616776716407,347,390,1
1616776716412,346,386,1
1616776716418,345,383,1
1616776716421,345,379,1
1616776716428,344,376,1
1616776716433,343,372,1
1616776716437,343,368,1
1616776716442,342,365,1
1616776716448,342,361,1
1616776716452,341,358,1
1616776716458,341,354,1
1616776716463,340,350,1
1616776716467,340,347,1
1616776716472,340,343,1
1616776716478,340,339,1
1616776716481,340,335,1
1616776716489,340,331,1
1616776716490,340,327,1
1616776716498,340,323,1
1616776716502,340,319,1
1616776716505,340,315,1
1616776716511,340,311,1
1616776716519,341,306,1
1616776716520,341,302,1
1616776716528,342,298,1
1616776716532,343,294,1
1616776716535,343,290,1
1616776716541,344,286,1
1616776716550,345,282,1
1616776716551,346,278,1
1616776716558,347,274,1
1616776716562,348,270,1
1616776716565,349,266,1
1616776716571,351,263,1
1616776716579,352,259,1
1616776716580,354,255,1
1616776716587,355,251,1
1616776716592,357,248,1
1616776716595,358,244,1
1616776716601,360,241,1
1616776716608,362,237,1
1616776716610,364,234,1
1616776716617,366,230,1
1616776716623,368,227,1
1616776716626,371,223,1
1616776716632,373,219,1
1616776716639,375,216,1
1616776716640,378,213,1
1616776716648,380,209,1
1616776716652,383,206,1
1616776716655,386,203,1
1616776716662,389,200,1
1616776716665,392,197,1
1616776716670,395,194,1
1616776716678,398,191,1
1616776716679,401,188,1
1616776716685,404,185,1
1616776716691,408,182,1
1616776716694,411,180,1
1616776716700,415,177,1
1616776716708,419,174,1
1616776716709,422,171,1
1616776716715,426,169,1
1616776716721,430,166,1
1616776716724,434,164,1
1616776716731,438,161,1
1616776716738,442,159,1
1616776716739,446,157,1
1616776716745,450,155,1
1616776716751,454,153,1
1616776716754,458,151,1
1616776716760,462,149,1
1616776716768,466,147,1
1616776716770,470,146,1
1616776716775,473,144,1
1616776716781,477,143,1
1616776716784,481,141,1
1616776716790,485,140,1
1616776716797,489,138,1
1616776716799,493,137,1
1616776716805,497,136,1
1616776716811,501,135,1
1616776716814,505,134,1
1616776716821,509,132,1
1616776716828,513,131,1
1616776716830,517,130,1
1616776716835,521,130,1
1616776716838,525,129,1
1616776716844,529,128,1
1616776716850,533,127,1
1616776716854,537,127,1
1616776716859,541,126,1
1616776716865,544,126,1
1616776716868,548,125,1
1616776716874,552,125,1
1616776716880,556,124,1
1616776716883,560,124,1
1616776716890,564,124,1
1616776716896,567,124,1
1616776716898,571,124,1
1616776716904,575,124,1
1616776716911,578,124,1
1616776716913,582,124,1
1616776716919,585,124,1
1616776716925,589,124,1
1616776716928,592,124,1
1616776716934,596,125,1
1616776716940,599,125,1
1616776716943,603,126,1
1616776716949,606,127,1
1616776716956,609,128,1
1616776716959,612,128,1
1616776716964,615,129,1
1616776716970,619,131,1
1616776716973,622,132,1
1616776716979,625,133,1
1616776716985,628,134,1
1616776716988,631,136,1
1616776716995,633,138,1
1616776717000,636,139,1
1616776717003,639,141,1
1616776717009,642,143,1
1616776717013,645,145,1
1616776717018,648,147,1
1616776717024,651,149,1
1616776717028,654,151,1
1616776717033,657,152,1
1616776717039,660,154,1
1616776717042,663,156,1
1616776717048,666,158,1
1616776717055,669,160,1
1616776717058,672,163,1
1616776717064,675,165,1
1616776717069,678,167,1
1616776717072,681,169,1
1616776717078,684,171,1
1616776717084,687,174,1
1616776717088,690,176,1
1616776717093,693,178,1
1616776717099,696,181,1
1616776717102,699,183,1
1616776717108,702,186,1
1616776717114,705,189,1
1616776717118,708,191,1
1616776717123,711,194,1
1616776717129,714,197,1
1616776717132,717,200,1
1616776717138,720,202,1
1616776717144,722,205,1
1616776717148,725,208,1
1616776717153,727,211,1
1616776717159,730,214,1
1616776717162,732,217,1
1616776717168,734,221,1
1616776717175,737,224,1
1616776717178,739,227,1
1616776717183,741,230,1
1616776717190,743,233,1
1616776717193,745,237,1
1616776717199,747,240,1
1616776717202,749,244,1
1616776717208,750,247,1
1616776717213,752,251,1
1616776717218,754,254,1
1616776717222,755,258,1
1616776717228,757,261,1
1616776717232,758,264,1
1616776717238,760,268,1
1616776717243,761,271,1
1616776717247,763,275,1
1616776717252,764,278,1
1616776717258,765,282,1
1616776717261,766,285,1
1616776717268,768,289,1
1616776717273,769,292,1
1616776717277,769,296,1
1616776717282,770,299,1
1616776717288,771,303,1
1616776717290,771,307,1
1616776717298,772,311,1
1616776717303,772,314,1
1616776717308,772,318,1
1616776717312,772,322,1
1616776717319,772,326,1
1616776717321,772,329,1
1616776717328,772,333,1
1616776717342,770,345,1
1616776717349,770,349,1
1616776717351,769,353,1
1616776717358,768,356,1
1616776717363,768,360,1
1616776717367,767,364,1
1616776717372,766,367,1
1616776717375,765,371,1
1616776717382,764,374,1
1616776717388,763,378,1
1616776717391,762,381,1
1616776717398,761,384,1
1616776717402,760,387,1
1616776717405,759,390,1
1616776717411,757,394,1
1616776717419,756,397,1
1616776717420,754,401,1
1616776717427,753,404,1
1616776717432,751,407,1
1616776717435,749,411,1
1616776717441,747,414,1
1616776717449,745,417,1
1616776717450,743,421,1
1616776717457,741,424,1
1616776717462,738,427,1
1616776717465,736,431,1
1616776717471,733,434,1
1616776717479,731,437,1
1616776717480,729,440,1
1616776717487,726,443,1
1616776717492,724,446,1
1616776717495,721,448,1
1616776717501,718,451,1
1616776717508,716,454,1
1616776717510,713,457,1
1616776717518,711,460,1
1616776717522,708,462,1
1616776717525,705,465,1
1616776717531,702,467,1
1616776717539,699,470,1
1616776717540,697,472,1
1616776717548,694,474,1
1616776717550,691,476,1
1616776717555,688,478,1
1616776717562,685,481,1
1616776717565,682,483,1
1616776717570,679,485,1
1616776717579,676,487,1
1616776717579,673,489,1
1616776717585,669,490,1
1616776717592,666,492,1
1616776717594,663,494,1
1616776717600,660,496,1
1616776717607,657,498,1
1616776717608,653,499,1
1616776717615,650,501,1
1616776717621,647,503,1
1616776717624,644,504,1
1616776717631,641,506,1
1616776717638,637,507,1
1616776717639,634,509,1
1616776717645,631,510,1
1616776717651,628,511,1
1616776717654,624,513,1
1616776717661,621,514,1
1616776717668,618,516,1
1616776717670,614,517,1
1616776717675,611,519,1
1616776717681,608,520,1
1616776717685,604,521,1
1616776717690,601,522,1
1616776717698,598,523,1
1616776717700,594,524,1
1616776717705,591,525,1
1616776717711,588,526,1
1616776717714,585,526,1
1616776717721,581,527,1
1616776717728,578,527,1
1616776717730,575,527,1
1616776717735,571,528,1
1616776717738,568,528,1
1616776717745,565,528,1
1616776717752,562,528,1
1616776717753,558,528,1
1616776717761,555,528,1
1616776717765,552,528,1
1616776717768,549,528,1
1616776717774,545,527,1
1616776717782,542,527,1
1616776717783,539,527,1
1616776717791,535,526,1
1616776717795,532,526,1
1616776717798,529,526,1
1616776717804,526,525,1
1616776717812,522,524,1
1616776717813,519,524,1
1616776717821,516,523,1
1616776717825,513,522,1
1616776717828,509,521,1
1616776717834,506,521,1
1616776717842,503,520,1
1616776717843,499,519,1
1616776717851,496,518,1
1616776717856,492,517,1
1616776717858,489,516,1
1616776717865,486,514,1
1616776717872,482,513,1
1616776717873,479,512,1
1616776717881,475,511,1
1616776717885,472,509,1
1616776717888,469,508,1
1616776717894,465,506,1
1616776717902,462,504,1
1616776717903,459,503,1
1616776717911,456,501,1
1616776717912,452,499,1
1616776717918,449,498,1
1616776717924,446,496,1
1616776717927,443,494,1
1616776717933,440,492,1
1616776717941,437,491,1
1616776717942,435,489,1
1616776717948,432,487,1
1616776717954,429,485,1
1616776717957,426,483,1
1616776717963,423,481,1
1616776717971,421,479,1
1616776717972,418,477,1
1616776717978,415,475,1
1616776717984,413,473,1
1616776717987,410,471,1
1616776717993,408,469,1
1616776718002,405,467,1
1616776718003,403,464,1
1616776718008,400,462,1
1616776718014,398,460,1
1616776718017,396,457,1
1616776718023,394,455,1
1616776718031,392,452,1
1616776718033,390,450,1
1616776718038,388,447,1
1616776718044,386,445,1
1616776718047,384,442,1
1616776718053,382,439,1
1616776718061,381,437,1
1616776718063,379,434,1
1616776718068,378,431,1
1616776718074,377,428,1
1616776718077,375,425,1
1616776718083,374,423,1
1616776718086,373,420,1
1616776718092,372,417,1
1616776718098,371,414,1
1616776718101,370,410,1
1616776718107,369,407,1
1616776718114,368,404,1
1616776718117,368,401,1
1616776718122,367,398,1
1616776718128,366,394,1
1616776718131,366,391,1
1616776718138,365,387,1
1616776718143,365,384,1
1616776718146,365,380,1
1616776718152,364,376,1
1616776718159,364,373,1
1616776718161,363,369,1
1616776718167,363,366,1
1616776718174,363,362,1
1616776718177,362,358,1
1616776718182,362,355,1
1616776718188,362,351,1
1616776718191,361,347,1
1616776718198,361,344,1
1616776718203,361,340,1
1616776718206,361,337,1
1616776718213,360,333,1
1616776718219,360,330,1
1616776718222,360,326,1
1616776718228,359,323,1
1616776718233,359,320,1
1616776718237,359,316,1
1616776718242,358,313,1
1616776718248,358,309,1
1616776718251,358,306,1
1616776718257,358,302,1
1616776718261,358,299,1
1616776718266,359,295,1
1616776718272,359,292,1
1616776718275,359,288,1
1616776718281,360,284,1
1616776718287,360,281,1
1616776718290,361,277,1
1616776718296,362,274,1
1616776718302,362,270,1
1616776718305,363,267,1
1616776718311,364,263,1
1616776718317,365,260,1
1616776718321,366,256,1
1616776718326,367,253,1
1616776718332,368,249,1
1616776718335,369,246,1
1616776718341,371,243,1
1616776718363,376,230,1
1616776718365,377,227,1
1616776718371,379,224,1
1616776718377,380,221,1
1616776718381,382,218,1
1616776718386,384,214,1
1616776718392,386,212,1
1616776718395,388,209,1
1616776718401,390,206,1
1616776718408,392,203,1
1616776718410,394,200,1
1616776718416,396,198,1
1616776718422,398,195,1
1616776718425,400,193,1
1616776718431,402,190,1
1616776718438,405,188,1
1616776718441,407,185,1
1616776718446,410,183,1
1616776718450,412,180,1
1616776718456,415,178,1
1616776718461,417,175,1
1616776718464,420,173,1
1616776718471,423,171,1
1616776718476,426,168,1
1616776718480,430,166,1
1616776718486,433,164,1
1616776718491,436,162,1
1616776718494,440,160,1
1616776718501,443,158,1
1616776718506,446,157,1
1616776718510,450,155,1
1616776718515,454,153,1
1616776718521,457,152,1
1616776718524,461,150,1
1616776718531,465,149,1
1616776718536,469,147,1
1616776718540,472,146,1
1616776718545,476,145,1
1616776718551,480,143,1
1616776718554,484,142,1
1616776718561,488,141,1
1616776718566,492,139,1
1616776718570,496,138,1
1616776718575,501,137,1
1616776718581,505,136,1
1616776718584,509,135,1
1616776718591,514,134,1
1616776718596,518,133,1
1616776718600,522,132,1
1616776718606,527,131,1
1616776718611,531,130,1
1616776718615,536,129,1
1616776718621,540,128,1
1616776718624,545,127,1
1616776718631,549,126,1
1616776718635,554,125,1
1616776718639,558,124,1
1616776718644,562,123,1
1616776718652,567,122,1
1616776718654,571,122,1
1616776718660,576,121,1
1616776718665,580,121,1
1616776718668,584,120,1
1616776718674,589,120,1
1616776718681,593,119,1
1616776718683,597,119,1
1616776718691,602,119,1
1616776718695,606,119,1
1616776718698,610,119,1
1616776718704,614,119,1
1616776718712,618,119,1
1616776718713,623,119,1
1616776718720,627,120,1
1616776718725,631,120,1
1616776718728,635,120,1
1616776718734,639,121,1
1616776718742,643,121,1
1616776718744,647,122,1
1616776718750,651,123,1
1616776718754,655,124,1
1616776718758,659,124,1
1616776718764,663,125,0
1616776718773,667,127,0
1616776718774,671,128,0
1616776718781,674,129,0
1616776718785,678,130,0
1616776718788,681,132,0
1616776718795,685,133,0
1616776718799,689,135,0
1616776718803,692,137,0
1616776718811,695,138,0
1616776718812,698,140,0
1616776718818,702,142,0
1616776718825,705,144,0
1616776718828,708,146,0
1616776718833,711,148,0
1616776718841,714,150,0
1616776718843,717,152,0
1616776718848,720,154,0
1616776718855,722,156,0
1616776718858,725,159,0
1616776718864,728,161,0
1616776718870,730,164,0
1616776718873,733,166,0
1616776718878,735,169,0
1616776718884,737,172,0
1616776718888,740,175,0
1616776718893,742,178,0
1616776718901,744,181,0
1616776718903,746,184,0
1616776718908,748,187,0
1616776718914,750,190,0
1616776718917,752,193,0
1616776718923,754,196,0
1616776718931,756,199,0
1616776718932,757,202,0
1616776718938,759,206,0
1616776718944,760,209,0
1616776718948,762,212,0
1616776718953,764,216,0
1616776718961,765,219,0
1616776718963,766,223,0
1616776718968,768,226,0
1616776718975,769,229,0
1616776718977,770,233,0
1616776718983,771,237,0
1616776718986,772,240,0
1616776718992,773,244,0
1616776718998,774,248,0
1616776719001,775,251,0
1616776719009,776,255,0
1616776719013,776,259,0
1616776719016,777,263,0
1616776719023,778,267,0
1616776719028,778,271,0
1616776719031,779,275,0
1616776719037,779,279,1
1616776719043,780,283,1
1616776719046,780,287,1
1616776719052,780,291,1
1616776719058,781,295,1
1616776719062,781,299,1
1616776719067,781,303,1
1616776719073,781,308,1
1616776719076,781,312,1
1616776719082,781,316,1
1616776719088,781,320,1
1616776719091,781,324,1
1616776719098,781,328,1
1616776719104,780,332,1
1616776719107,780,336,1
1616776719112,780,340,1
1616776719118,780,344,1
1616776719121,779,348,1
1616776719128,779,352,1
1616776719134,779,356,1
1616776719136,778,360,1
1616776719142,778,364,1
1616776719148,777,368,1
1616776719152,776,372,1
1616776719157,775,376,1
1616776719160,775,379,1
1616776719166,774,383,1
1616776719172,772,387,1
1616776719175,771,391,1
1616776719181,770,394,1
1616776719187,769,398,1
1616776719191,768,401,1
1616776719196,766,405,1
1616776719202,765,408,1
1616776719206,764,411,1
1616776719211,763,414,1
1616776719217,761,417,1
1616776719220,760,420,1
1616776719226,759,423,1
1616776719232,758,426,1
1616776719235,756,429,1
1616776719241,755,432,1
1616776719247,753,435,1
1616776719251,752,438,1
1616776719257,750,441,1
1616776719262,748,444,1
1616776719265,746,447,1
1616776719271,744,449,1
1616776719277,741,452,1
1616776719281,739,455,1
1616776719286,737,458,1
1616776719292,734,461,1
1616776719295,732,464,1
1616776719301,729,467,1
1616776719307,726,469,1
1616776719311,724,472,1
1616776719316,721,475,1
1616776719322,718,477,1
1616776719325,715,479,1
1616776719331,712,482,1
1616776719335,709,484,1
1616776719341,706,487,1
1616776719346,703,489,1
1616776719350,700,491,1
1616776719364,690,498,1
1616776719371,687,500,1
1616776719376,683,502,1
1616776719381,680,504,1
1616776719384,677,506,1
1616776719391,673,508,1
1616776719395,669,510,1
1616776719401,666,512,1
1616776719406,662,513,1
1616776719410,659,515,1
1616776719415,655,517,1
1616776719421,651,518,1
1616776719424,647,520,1
1616776719431,644,521,1
1616776719436,640,523,1
1616776719440,636,524,1
1616776719445,632,526,1
1616776719451,628,527,1
1616776719454,624,529,1
1616776719461,620,530,1
1616776719465,616,531,1
1616776719470,612,533,1
1616776719475,607,534,1
1616776719482,603,535,1
1616776719484,599,537,1
1616776719491,595,538,1
1616776719496,591,539,1
1616776719501,587,539,1
1616776719505,583,540,1
1616776719512,579,541,1
1616776719515,575,542,1
1616776719522,571,542,1
1616776719524,567,543,1
1616776719530,563,543,1
1616776719535,559,543,1
1616776719538,555,544,1
1616776719545,551,544,1
1616776719552,547,544,1
1616776719553,543,544,1
1616776719561,539,544,1
1616776719565,535,543,1
1616776719568,531,543,1
1616776719574,528,542,1
1616776719581,524,542,1
1616776719583,520,541,1
1616776719590,517,540,1
1616776719595,513,540,1
1616776719598,509,539,1
1616776719604,506,538,1
1616776719612,502,537,1
1616776719614,499,536,1
1616776719620,495,535,1
1616776719625,492,534,1
1616776719628,488,533,1
1616776719634,485,532,1
1616776719642,482,531,1
1616776719644,478,529,1
1616776719650,475,528,1
1616776719655,471,527,1
1616776719658,468,526,1
1616776719664,465,524,1
1616776719672,462,523,1
1616776719674,458,521,1
1616776719680,455,520,1
1616776719685,452,518,1
1616776719688,449,517,1
1616776719694,446,515,1
1616776719697,443,513,1
1616776719703,440,512,1
1616776719710,437,510,1
1616776719712,434,508,1
1616776719718,432,506,1
1616776719724,429,504,1
1616776719727,426,502,1
1616776719733,423,500,1
1616776719740,421,498,1
1616776719742,418,496,1
1616776719748,415,493,1
1616776719754,413,491,1
1616776719757,410,489,1
1616776719763,407,487,1
1616776719771,405,485,1
1616776719772,402,482,1
1616776719778,400,480,1
1616776719784,397,478,1
1616776719787,395,475,1
1616776719793,393,473,1
1616776719800,390,470,1
1616776719802,388,468,1
1616776719808,385,465,1
1616776719814,383,463,1
1616776719817,381,460,1
1616776719823,378,458,1
1616776719830,376,455,1
1616776719833,374,453,1
1616776719838,372,450,1
1616776719844,370,448,1
1616776719847,368,445,1
1616776719853,366,442,1
1616776719859,364,440,1
1616776719862,362,437,1
1616776719867,360,434,1
1616776719870,358,431,1
1616776719876,356,428,1
1616776719882,355,425,1
1616776719885,353,422,1
1616776719891,351,418,1
1616776719897,350,415,1
1616776719900,348,412,1
1616776719906,347,409,1
1616776719912,346,405,1
1616776719915,344,402,1
1616776719921,343,398,1
1616776719927,342,395,1
1616776719930,342,391,1
1616776719936,341,387,1
1616776719942,340,384,1
1616776719945,339,380,1
1616776719951,339,376,1
1616776719957,338,372,1
1616776719960,337,369,1
1616776719966,337,365,1
1616776719973,337,361,1
1616776719976,336,357,1
1616776719982,336,353,1
1616776719988,336,349,1
1616776719991,335,345,1
1616776719997,335,341,1
1616776720004,335,337,1
1616776720006,335,333,1
1616776720012,335,329,1
1616776720018,335,325,1
1616776720021,335,321,1
1616776720027,336,317,1
1616776720034,336,312,1
1616776720036,337,308,1
1616776720043,337,304,1
1616776720044,338,300,1
1616776720052,339,295,1
1616776720057,340,291,1
1616776720061,341,287,1
1616776720066,342,283,1
1616776720074,343,278,1
1616776720076,345,274,1
1616776720081,346,270,1
1616776720088,348,266,1
1616776720091,350,263,1
1616776720096,352,259,1
1616776720104,354,255,1
1616776720106,356,251,1
1616776720111,358,247,1
1616776720118,360,244,1
1616776720120,363,240,1
1616776720126,365,237,1
1616776720134,367,233,1
1616776720136,370,230,1
1616776720141,372,226,1
1616776720147,374,223,1
1616776720150,377,219,1
1616776720156,379,216,1
1616776720164,382,213,1
1616776720165,384,210,1
1616776720171,387,207,1
1616776720177,390,204,1
1616776720180,392,201,1
1616776720187,395,198,1
1616776720194,398,195,1
1616776720196,401,192,1
1616776720202,403,190,1
1616776720207,406,187,1
1616776720211,409,184,1
1616776720216,412,182,1
1616776720225,415,179,1
1616776720226,418,176,1
1616776720231,422,174,1
1616776720235,425,171,1
1616776720240,428,169,1
1616776720246,432,167,1
1616776720249,435,164,1
1616776720255,438,162,1
1616776720261,441,160,1
1616776720264,445,158,1
1616776720270,448,156,1
1616776720276,452,154,1
1616776720280,455,153,1
1616776720285,459,151,1
1616776720292,462,150,1
1616776720295,466,148,1
1616776720301,469,146,1
1616776720306,473,145,1
1616776720309,477,143,1
1616776720315,481,142,1
1616776720321,484,140,1
1616776720324,488,139,1
1616776720330,492,138,1
1616776720336,496,137,1
1616776720339,500,135,1
1616776720345,504,135,1
1616776720351,507,134,1
1616776720354,511,133,1
1616776720366,523,131,1
1616776720376,527,130,1
1616776720381,531,129,1
1616776720384,535,129,1
1616776720391,539,128,1
1616776720397,542,128,1
1616776720400,546,128,1
1616776720405,550,127,1
1616776720408,553,127,1
1616776720414,557,127,1
1616776720421,561,127,1
1616776720424,564,127,1
1616776720429,567,127,1
1616776720435,571,128,1
1616776720439,574,128,1
1616776720444,577,129,1
1616776720450,581,129,1
1616776720454,584,130,1
1616776720460,588,131,1
1616776720465,591,132,1
1616776720468,594,132,1
1616776720474,598,133,1
1616776720480,601,134,1
1616776720484,605,135,1
1616776720489,608,136,1
1616776720495,611,137,1
1616776720498,615,138,1
1616776720504,618,139,1
1616776720510,622,140,1
1616776720514,625,141,1
1616776720519,629,142,1
1616776720525,632,143,1
1616776720528,636,144,1
1616776720534,639,145,1
1616776720541,643,146,1
1616776720544,646,147,1
1616776720549,650,148,1
1616776720555,653,149,1
1616776720559,657,150,1
1616776720564,660,151,1
1616776720571,664,152,1
1616776720573,667,154,1
1616776720579,670,155,1
1616776720583,674,156,1
1616776720588,677,158,1
1616776720594,680,160,1
1616776720597,683,161,1
1616776720605,687,163,1
1616776720608,690,165,1
1616776720613,693,167,1
1616776720618,696,169,1
1616776720624,699,171,1
1616776720627,701,173,1
1616776720634,704,175,1
1616776720639,707,177,1
1616776720643,710,179,1
1616776720648,712,181,1
1616776720654,715,183,1
1616776720657,717,186,1
1616776720664,719,188,1
1616776720669,722,190,1
1616776720673,724,193,1
1616776720678,726,195,1
1616776720684,728,198,1
1616776720687,730,201,1
1616776720694,732,203,1
1616776720699,734,206,1
1616776720703,736,209,1
1616776720708,738,212,1
1616776720714,739,214,1
1616776720718,741,217,1
1616776720724,742,220,1
1616776720729,744,223,1
1616776720733,745,226,1
1616776720737,747,229,1
1616776720744,748,232,1
1616776720747,749,235,1
1616776720754,751,238,1
1616776720759,752,241,1
1616776720763,753,244,1
1616776720768,755,247,1
1616776720771,756,250,1
1616776720777,757,253,1
1616776720785,758,256,1
1616776720787,759,259,1
1616776720793,760,262,1
1616776720798,761,265,1
1616776720801,762,268,1
1616776720808,763,271,1
1616776720815,764,274,1
1616776720817,765,277,1
1616776720824,766,280,1
1616776720828,766,283,1
1616776720831,767,286,1
1616776720838,768,290,1
1616776720845,768,293,1
1616776720847,769,296,1
1616776720853,769,299,1
1616776720858,770,302,1
1616776720861,770,306,1
1616776720867,771,309,1
1616776720875,771,312,1
1616776720877,772,315,1
1616776720883,772,319,1
1616776720888,772,322,1
1616776720891,772,325,1
1616776720897,773,328,1
1616776720905,773,332,1
1616776720906,773,335,1
1616776720913,773,338,1
1616776720919,773,341,1
1616776720921,773,345,1
1616776720928,773,348,1
1616776720935,773,351,1
1616776720937,773,354,1
1616776720943,773,358,1
1616776720945,773,361,1
1616776720951,773,364,1
1616776720957,772,368,1
1616776720960,772,371,1
1616776720966,772,374,1
1616776720974,771,378,1
1616776720975,771,381,1
1616776720981,770,384,1
1616776720987,769,387,1
1616776720990,769,390,1
1616776720996,768,394,1
1616776721004,767,397,1
1616776721006,766,400,1
1616776721011,765,403,1
1616776721018,765,405,1
1616776721020,764,408,1
1616776721026,763,411,1
1616776721034,762,414,1
1616776721035,761,416,1
1616776721042,760,419,1
1616776721047,759,422,1
1616776721050,757,424,1
1616776721056,756,427,1
1616776721063,754,430,1
1616776721066,753,432,1
1616776721071,751,435,1
1616776721077,749,437,1
1616776721080,748,440,1
1616776721086,746,442,1
1616776721094,744,445,1
1616776721095,742,447,1
1616776721101,740,449,1
1616776721108,738,452,1
1616776721132,736,454,1
1616776721134,725,465,1
1616776721140,723,467,1
1616776721146,720,469,1
1616776721149,718,470,1
1616776721155,716,472,1
1616776721161,713,474,1
1616776721164,711,475,1
1616776721171,708,477,1
1616776721176,706,479,1
1616776721180,703,481,1
1616776721185,701,482,1
1616776721192,698,484,1
1616776721195,695,485,1
1616776721200,692,487,1
1616776721207,689,489,1
1616776721209,686,490,1
1616776721215,683,492,1
1616776721222,680,493,1
1616776721225,677,495,1
1616776721230,674,496,1
1616776721236,671,498,1
1616776721239,668,499,1
1616776721245,664,501,1
1616776721252,661,502,1
1616776721255,658,503,1
1616776721260,654,505,1
1616776721266,651,506,1
1616776721269,648,507,1
1616776721275,644,509,1
1616776721282,641,510,1
1616776721284,637,512,1
1616776721291,634,513,1
1616776721294,630,514,1
1616776721299,626,516,1
1616776721305,623,517,1
1616776721307,619,518,1
1616776721314,616,519,1
1616776721320,612,520,1
1616776721324,609,521,1
1616776721329,605,522,1
1616776721335,602,523,1
1616776721338,598,524,1
1616776721344,595,525,1
1616776721350,591,526,1
1616776721354,588,527,1
1616776721359,584,527,1
1616776721374,574,529,1
1616776721380,571,529,1
1616776721384,568,529,1
1616776721389,564,529,1
1616776721395,561,529,1
1616776721399,558,529,1
1616776721404,555,529,1
1616776721410,552,529,1
1616776721414,549,528,1
1616776721419,545,528,1
1616776721425,542,527,1
1616776721428,539,527,1
1616776721435,536,526,1
1616776721440,533,526,1
1616776721444,530,525,1
1616776721449,527,524,1
1616776721455,524,523,1
1616776721458,521,522,1
1616776721464,518,521,1
1616776721470,515,520,1
1616776721474,512,519,1
1616776721479,509,518,1
1616776721483,506,517,1
1616776721489,503,516,1
1616776721494,500,515,1
1616776721498,497,514,1
1616776721504,494,513,1
1616776721509,491,512,1
1616776721514,488,511,1
1616776721518,484,510,1
1616776721524,481,509,1
1616776721527,478,508,1
1616776721535,475,507,1
1616776721539,471,506,1
1616776721543,468,504,1
1616776721548,465,503,1
1616776721555,462,502,1
1616776721557,458,500,1
1616776721564,455,499,1
1616776721570,452,497,1
1616776721573,449,496,1
1616776721578,445,494,1
1616776721584,442,492,1
1616776721587,439,491,1
1616776721594,435,489,1
1616776721599,432,487,1
1616776721603,429,485,1
1616776721608,426,483,1
1616776721614,423,481,1
1616776721617,420,479,1
1616776721624,417,477,1
1616776721629,414,475,1
1616776721633,411,473,1
1616776721638,408,471,1
1616776721644,405,468,1
1616776721647,402,466,1
1616776721655,399,464,1
1616776721656,396,462,1
1616776721663,394,460,1
1616776721668,391,458,1
1616776721672,388,456,1
1616776721677,385,454,1
1616776721685,383,451,1
1616776721686,380,449,1
1616776721694,378,447,1
1616776721698,375,444,1
1616776721701,373,442,1
1616776721708,371,439,1
1616776721714,369,436,1
1616776721717,367,434,1
1616776721724,365,431,1
1616776721728,363,428,1
1616776721731,361,426,1
1616776721738,359,423,1
1616776721745,357,420,1
1616776721746,355,417,1
1616776721753,353,414,1
1616776721758,351,411,1
1616776721761,350,408,1
1616776721768,348,405,1
1616776721774,346,402,1
1616776721777,345,399,1
1616776721784,344,396,1
1616776721788,342,393,1
1616776721791,341,389,1
1616776721798,340,386,1
1616776721805,339,382,1
1616776721807,338,379,1
1616776721814,338,375,1
1616776721818,337,372,1
1616776721821,336,368,1
1616776721827,336,364,1
1616776721830,335,361,1
1616776721836,335,357,1
1616776721844,334,353,1
1616776721846,334,349,1
1616776721851,334,345,1
1616776721857,333,342,1
1616776721860,333,338,1
1616776721866,333,334,1
1616776721874,333,330,1
1616776721875,333,326,1
1616776721883,333,322,1
1616776721887,333,318,1
1616776721890,333,314,1
1616776721896,334,310,1
1616776721904,334,306,1
1616776721906,334,302,1
1616776721911,335,299,1
1616776721917,335,295,1
1616776721920,336,291,1
1616776721927,336,288,1
1616776721933,336,284,1
1616776721935,337,280,1
1616776721941,338,277,1
1616776721947,338,273,1
1616776721950,339,270,1
1616776721956,340,267,1
1616776721964,341,263,1
1616776721965,342,260,1
1616776721971,343,256,1
1616776721977,344,253,1
1616776721981,346,249,1
1616776721986,347,246,1
1616776721994,349,243,1
1616776721995,350,239,1
1616776722001,352,236,1
1616776722007,354,232,1
1616776722010,356,229,1
1616776722016,358,225,1
1616776722018,361,222,1
1616776722025,363,219,1
1616776722031,365,215,1
1616776722035,368,212,1
1616776722040,370,209,1
1616776722046,373,206,1
1616776722049,376,203,1
1616776722055,378,199,1
1616776722061,381,196,1
1616776722064,384,193,1
1616776722071,387,190,1
1616776722076,391,186,1
1616776722079,394,183,1
1616776722085,397,180,1
1616776722091,400,177,1
1616776722094,404,174,1
1616776722100,407,171,1
1616776722107,410,168,1
1616776722110,414,165,1
1616776722115,417,163,1
1616776722121,421,160,1
1616776722124,425,157,1
1616776722130,428,155,1
1616776722136,432,152,1
1616776722140,435,150,1
1616776722145,439,148,1
1616776722151,442,146,1
1616776722154,446,144,1
1616776722161,450,142,1
1616776722166,453,140,1
1616776722169,457,138,1
1616776722175,461,136,1
1616776722181,465,134,1
1616776722184,468,132,1
1616776722191,472,131,1
1616776722194,476,129,1
1616776722199,479,128,1
1616776722205,483,126,1
1616776722208,487,125,1
1616776722214,491,124,1
1616776722221,494,122,1
1616776722224,498,121,1
1616776722229,502,120,1
1616776722235,505,120,1
1616776722238,509,119,1
1616776722245,513,118,1
1616776722251,516,117,1
1616776722254,520,117,1
1616776722259,523,116,1
1616776722265,527,116,1
1616776722268,530,115,1
1616776722274,533,115,1
1616776722280,537,115,1
1616776722284,540,115,1
1616776722289,543,115,1
1616776722295,546,115,1
1616776722298,550,115,1
1616776722304,553,115,1
1616776722311,556,115,1
1616776722314,559,116,1
1616776722319,563,116,1
1616776722326,566,116,1
1616776722328,569,117,1
1616776722334,572,117,1
1616776722340,575,118,1
1616776722344,578,118,1
1616776722349,581,119,1
1616776722356,585,120,1
1616776722359,588,120,1
1616776722364,591,121,1
1616776722367,594,122,1
1616776722383,602,124,1
1616776722388,605,125,1
1616776722394,608,127,1
1616776722397,611,128,1
1616776722403,614,129,1
1616776722409,617,130,1
1616776722414,619,132,1
1616776722418,622,133,1
1616776722424,625,135,1
1616776722427,628,136,1
1616776722434,631,138,1
1616776722440,634,139,1
1616776722443,636,141,1
1616776722448,639,143,1
1616776722454,642,145,1
1616776722457,645,147,1
1616776722463,648,148,1
1616776722469,651,150,1
1616776722473,654,152,1
1616776722478,657,154,1
1616776722484,660,156,1
1616776722487,663,158,1
1616776722494,666,160,1
1616776722499,668,162,1
1616776722503,671,165,1
1616776722508,674,167,1
1616776722514,677,169,1
1616776722517,680,171,1
1616776722523,682,174,1
1616776722529,685,176,1
1616776722533,688,179,1
1616776722538,691,181,1
1616776722541,693,183,1
1616776722547,696,186,1
1616776722553,698,188,1
1616776722557,701,190,1
1616776722563,703,193,1
1616776722568,706,196,1
1616776722571,708,198,1
1616776722577,710,201,1
1616776722583,712,204,1
1616776722587,715,206,1
1616776722593,717,209,1
1616776722598,719,212,1
1616776722601,721,215,1
1616776722607,723,218,1
1616776722613,725,221,1
1616776722617,727,224,1
1616776722623,729,226,1
1616776722628,731,229,1
1616776722631,733,232,1
1616776722637,734,236,1
1616776722643,736,239,1
1616776722648,738,242,1
1616776722652,740,245,1
1616776722658,742,248,1
1616776722661,743,251,1
1616776722667,745,254,1
1616776722673,746,257,1
1616776722677,748,261,1
1616776722682,749,264,1
1616776722688,751,267,1
1616776722691,752,270,1
1616776722697,754,274,1
1616776722703,755,277,1
1616776722706,756,280,1
1616776722712,758,283,1
1616776722718,759,287,1
1616776722721,760,290,1
1616776722727,761,293,1
1616776722730,762,296,1
1616776722737,763,300,1
1616776722742,764,303,1
1616776722746,764,306,1
1616776722751,765,310,1
1616776722757,765,313,1
1616776722760,766,316,1
1616776722767,766,319,1
1616776722772,767,322,1
1616776722777,767,326,1
1616776722781,767,329,1
1616776722787,768,332,1
1616776722790,768,335,1
1616776722797,768,339,1
1616776722802,768,342,1
1616776722806,768,345,1
1616776722811,768,348,1
1616776722817,768,351,1
1616776722820,768,355,1
1616776722827,768,358,1
1616776722832,768,361,1
1616776722836,767,364,1
1616776722841,767,367,1
1616776722847,766,370,1
1616776722850,766,373,1
1616776722857,765,376,1
1616776722862,764,379,1
1616776722866,764,383,1
1616776722871,763,386,1
1616776722877,762,389,1
1616776722880,761,392,1
1616776722887,760,395,1
1616776722892,759,398,1
1616776722896,758,401,1
1616776722901,756,404,1
1616776722904,755,407,1
1616776722910,754,409,1
1616776722917,752,412,1
1616776722919,751,415,1
1616776722926,749,417,1
1616776722931,748,420,1
1616776722934,746,422,1
1616776722940,744,425,1
1616776722948,743,427,1
1616776722949,741,430,1
1616776722956,739,432,1
1616776722961,737,435,1
1616776722964,735,437,1
1616776722971,733,439,1
1616776722978,731,442,1
1616776722980,728,444,1
1616776722987,726,446,1
1616776722991,724,449,1
1616776722994,721,451,1
1616776723000,719,453,1
1616776723008,716,455,1
1616776723009,714,457,1
1616776723016,711,459,1
1616776723021,709,461,1
1616776723025,706,463,1
1616776723030,704,464,1
1616776723038,701,466,1
1616776723040,698,468,1
1616776723046,695,470,1
1616776723051,692,472,1
1616776723054,689,474,1
1616776723060,687,476,1
1616776723068,684,478,1
1616776723070,681,480,1
1616776723077,678,481,1
1616776723079,675,483,1
1616776723084,671,485,1
1616776723090,668,487,1
1616776723094,665,489,1
1616776723099,662,490,1
1616776723107,659,492,1
1616776723109,656,493,1
1616776723114,653,495,1
1616776723120,650,496,1
1616776723123,647,498,1
1616776723129,644,499,1
1616776723138,641,500,1
1616776723139,638,502,1
1616776723145,635,503,1
1616776723150,631,504,1
1616776723153,628,505,1
1616776723159,625,506,1
1616776723167,622,507,1
1616776723169,619,508,1
1616776723174,616,509,1
1616776723180,612,510,1
1616776723183,609,511,1
1616776723189,606,512,1
1616776723196,603,513,1
1616776723198,599,513,1
1616776723204,596,514,1
1616776723210,593,515,1
1616776723214,590,515,1
1616776723219,587,516,1
1616776723227,584,517,1
1616776723229,581,517,1
1616776723234,578,518,1
1616776723240,575,518,1
1616776723243,571,519,1
1616776723249,568,519,1
1616776723256,565,519,1
1616776723258,562,520,1
1616776723264,559,520,1
1616776723267,556,520,1
1616776723273,553,520,1
1616776723279,550,520,1
1616776723282,547,520,1
1616776723288,544,520,1
1616776723294,540,520,1
1616776723297,537,519,1
1616776723304,534,519,1
1616776723309,531,518,1
1616776723313,528,518,1
1616776723318,525,517,1
1616776723326,522,517,1
1616776723328,519,516,1
1616776723333,516,515,1
1616776723340,513,514,1
1616776723342,510,513,1
1616776723348,507,512,1
1616776723354,504,511,1
1616776723357,501,510,1
1616776723363,498,509,1
1616776723370,495,508,1
1616776723377,489,505,0
1616776723384,486,504,1
1616776723388,483,503,1
1616776723393,480,502,1
1616776723399,477,500,0
1616776723403,474,499,1
1616776723408,471,498,1
1616776723414,467,497,1
1616776723417,464,495,1
1616776723424,461,494,1
1616776723429,458,493,1
1616776723433,455,491,1
1616776723438,452,490,1
1616776723442,449,488,1
1616776723447,446,487,1
1616776723453,443,485,1
1616776723456,440,484,1
1616776723462,438,482,1
1616776723468,435,480,1
1616776723471,432,478,1
1616776723477,429,476,1
1616776723483,426,474,1
1616776723487,423,472,1
1616776723492,421,470,1
1616776723498,418,468,1
1616776723501,415,466,1
1616776723507,412,464,1
1616776723514,410,462,1
1616776723517,407,460,1
1616776723522,404,458,1
1616776723528,402,456,1
1616776723531,399,453,1
1616776723537,397,451,1
1616776723544,394,449,1
1616776723547,392,446,1
1616776723552,390,443,1
1616776723558,388,441,1
1616776723562,386,438,1
1616776723567,384,436,1
1616776723574,382,433,1
1616776723577,380,430,1
1616776723582,378,427,1
1616776723588,376,424,1
1616776723591,375,421,1
1616776723597,373,418,1
1616776723604,371,415,1
1616776723607,370,412,1
1616776723612,369,409,1
1616776723616,367,406,1
1616776723621,366,403,1
1616776723627,365,400,1
1616776723630,363,396,1
1616776723637,362,393,1
1616776723642,361,390,1
1616776723645,360,386,1
1616776723651,359,383,1
1616776723657,359,380,1
1616776723661,358,376,1
1616776723668,357,373,1
1616776723672,356,370,1
1616776723676,355,366,1
1616776723681,355,363,1
1616776723688,354,359,1
1616776723690,354,356,1
1616776723697,354,352,1
1616776723702,353,349,1
1616776723706,353,345,1
1616776723712,353,342,1
1616776723718,353,338,1
1616776723720,352,335,1
1616776723727,352,331,1
1616776723733,352,327,1
1616776723736,352,324,1
1616776723741,352,320,1
1616776723747,352,317,1
1616776723751,353,313,1
1616776723758,353,310,1
1616776723761,353,306,1
1616776723766,354,303,1
1616776723771,354,299,1
1616776723777,355,295,1
1616776723779,355,292,1
1616776723788,356,288,1
1616776723789,357,285,1
1616776723796,358,281,1
1616776723801,359,277,1
1616776723804,360,274,1
1616776723810,361,270,1
1616776723818,362,266,1
1616776723819,363,263,1
1616776723826,364,259,1
1616776723831,366,255,1
1616776723834,367,252,1
1616776723840,369,248,1
1616776723848,370,245,1
1616776723849,372,241,1
1616776723857,373,238,1
1616776723861,375,235,1
1616776723863,376,231,1
1616776723870,378,228,1
1616776723877,380,225,1
1616776723880,381,222,1
1616776723887,383,219,1
1616776723891,385,216,1
1616776723894,387,214,1
1616776723900,389,211,1
1616776723907,391,208,1
1616776723910,393,206,1
1616776723916,395,203,1
1616776723921,397,200,1
1616776723924,400,197,1
1616776723930,402,194,1
1616776723938,405,192,1
1616776723939,407,189,1
1616776723946,410,186,1
1616776723951,412,184,1
1616776723954,415,181,1
1616776723960,418,178,1
1616776723968,420,176,1
1616776723969,423,173,1
1616776723976,426,171,1
1616776723978,429,168,1
1616776723984,432,166,1
1616776723991,435,164,1
1616776723994,438,162,1
1616776723999,441,159,1
1616776724007,444,157,1
1616776724008,447,155,1
1616776724015,449,154,1
1616776724020,452,152,1
1616776724024,455,150,1
1616776724029,458,149,1
1616776724037,462,147,1
1616776724039,465,146,1
1616776724044,468,144,1
1616776724050,471,143,1
1616776724053,474,142,1
1616776724059,477,141,1
1616776724066,480,140,1
1616776724069,483,139,1
1616776724074,487,138,1
1616776724080,490,137,1
1616776724083,493,136,1
1616776724089,497,136,1
1616776724097,500,135,1
1616776724099,503,135,1
1616776724104,506,135,1
1616776724110,510,134,1
1616776724113,513,134,1
1616776724119,516,134,1
1616776724128,520,134,1
1616776724129,523,134,1
1616776724134,526,134,1
1616776724140,530,134,1
1616776724144,533,134,1
1616776724149,537,134,1
1616776724152,540,134,1
1616776724158,544,134,1
1616776724165,547,134,1
1616776724167,551,134,1
1616776724173,555,134,1
1616776724179,558,134,1
1616776724182,562,134,1
1616776724189,565,134,1
1616776724194,569,134,1
1616776724197,573,135,1
1616776724203,576,135,1
1616776724209,580,136,1
1616776724212,583,136,1
1616776724218,587,136,1
1616776724224,590,137,1
1616776724228,594,138,1
1616776724233,598,138,1
1616776724239,601,139,1
1616776724242,605,140,1
1616776724248,609,140,1
1616776724254,612,141,1
1616776724257,616,142,1
1616776724264,620,143,1
1616776724269,623,144,1
1616776724272,627,144,1
1616776724279,630,145,1
1616776724285,634,146,1
1616776724288,637,147,1
1616776724293,641,149,1
1616776724299,644,150,1
1616776724302,648,151,1
1616776724308,652,152,1
1616776724315,655,153,1
1616776724318,659,155,1
1616776724323,662,156,1
1616776724327,666,158,1
1616776724333,669,159,1
1616776724338,672,160,1
1616776724341,676,162,1
1616776724347,679,163,1
1616776724353,683,165,1
1616776724356,686,167,1
1616776724362,689,169,1
1616776724368,692,171,1
1616776724372,695,173,1
1616776724377,698,175,1
1616776724393,706,181,1
1616776724398,709,183,1
1616776724401,711,186,1
1616776724408,714,188,1
1616776724413,716,191,1
1616776724416,719,193,1
1616776724422,721,196,1
1616776724428,724,198,1
1616776724432,726,201,1
1616776724437,728,204,1
1616776724443,730,207,1
1616776724447,732,210,1
1616776724452,735,213,1
1616776724458,737,216,1
1616776724461,739,218,1
1616776724467,741,221,1
1616776724474,743,224,1
1616776724477,744,227,1
1616776724482,746,231,1
1616776724488,748,234,1
1616776724491,750,237,1
1616776724497,752,240,1
1616776724503,753,243,1
1616776724507,755,247,1
1616776724512,757,250,1
1616776724516,758,253,1
1616776724521,760,257,1
1616776724527,761,260,1
1616776724530,763,264,1
1616776724538,764,267,1
1616776724542,765,271,1
1616776724546,766,274,1
1616776724551,767,278,1
1616776724557,768,281,1
1616776724560,769,284,1
1616776724567,770,288,1
1616776724572,770,291,1
1616776724576,771,295,1
1616776724581,772,298,1
1616776724587,772,301,1
1616776724590,773,305,1
1616776724597,773,308,1
1616776724602,774,311,1
1616776724607,774,315,1
1616776724611,775,318,1
1616776724617,775,321,1
1616776724620,775,325,1
1616776724627,775,328,1
1616776724632,775,332,1
1616776724635,775,335,1
1616776724641,775,339,1
1616776724648,775,342,1
1616776724650,775,346,1
1616776724658,774,350,1
1616776724662,773,353,1
1616776724666,773,357,1
1616776724671,772,361,1
1616776724677,771,364,1
1616776724680,770,368,1
1616776724687,769,372,1
1616776724690,768,376,1
1616776724696,767,379,1
1616776724701,766,383,1
1616776724704,765,386,1
1616776724711,763,390,1
1616776724718,762,393,1
1616776724720,761,397,1
1616776724726,760,400,1
1616776724732,759,404,1
1616776724734,757,407,1
1616776724740,756,411,1
1616776724748,755,414,1
1616776724749,753,417,1
1616776724757,752,421,1
1616776724761,750,424,1
1616776724764,749,427,1
1616776724770,747,430,1
1616776724776,745,433,1
1616776724779,744,436,1
1616776724787,742,439,1
1616776724791,740,442,1
1616776724794,738,445,1
1616776724800,736,448,1
1616776724806,734,450,1
1616776724810,732,453,1
1616776724816,730,456,1
1616776724820,728,459,1
1616776724824,725,461,1
1616776724830,723,464,1
1616776724837,721,467,1
1616776724840,718,470,1
1616776724846,716,472,1
1616776724851,713,475,1
1616776724854,711,477,1
1616776724860,708,479,1
1616776724863,705,482,1
1616776724870,703,484,1
1616776724876,700,486,1
1616776724879,697,488,1
1616776724885,694,490,1
1616776724890,691,492,1
1616776724893,689,494,1
1616776724900,686,495,1
1616776724905,683,497,1
1616776724909,680,499,1
1616776724914,677,500,1
1616776724920,674,502,1
1616776724923,670,503,1
1616776724930,667,505,1
1616776724935,664,506,1
1616776724939,661,508,1
1616776724944,658,509,1
1616776724950,654,510,1
1616776724953,651,511,1
1616776724960,648,512,1
1616776724965,645,514,1
1616776724969,642,515,1
1616776724974,638,516,1
1616776724980,635,517,1
1616776724983,632,518,1
1616776724990,628,518,1
1616776724995,625,519,1
1616776724999,622,520,1
1616776725004,618,520,1
1616776725010,615,521,1
1616776725013,611,522,1
1616776725020,608,522,1
1616776725026,604,523,1
1616776725029,600,523,1
1616776725034,597,524,1
1616776725040,593,524,1
1616776725043,590,524,1
1616776725051,586,525,1
1616776725052,582,525,1
1616776725059,579,525,1
1616776725064,575,525,1
1616776725067,571,525,1
1616776725074,568,525,1
1616776725081,564,525,1
1616776725082,561,525,1
1616776725090,557,525,1
1616776725094,553,525,1
1616776725097,550,525,1
1616776725104,546,524,1
1616776725111,543,524,1
1616776725112,539,524,1
1616776725119,536,523,1
1616776725124,532,523,1
1616776725127,529,523,1
1616776725133,525,522,1
1616776725141,522,522,1
1616776725142,519,521,1
1616776725150,515,521,1
1616776725154,512,521,1
1616776725157,509,520,1
1616776725164,505,520,1
1616776725170,502,519,1
1616776725173,499,519,1
1616776725179,495,519,1
1616776725184,492,518,1
1616776725187,489,518,1
1616776725193,486,517,1
1616776725201,483,516,1
1616776725202,479,516,1
1616776725209,476,515,1
1616776725214,473,514,1
1616776725217,470,513,1
1616776725223,467,512,1
1616776725227,464,511,1
1616776725232,461,510,1
1616776725240,458,509,1
1616776725241,455,508,1
1616776725247,453,507,1
1616776725254,450,505,1
1616776725257,447,504,1
1616776725262,444,503,1
1616776725270,441,501,1
1616776725271,439,500,1
1616776725278,436,499,1
1616776725283,433,497,1
1616776725286,431,496,1
1616776725292,428,494,1
1616776725300,426,493,1
1616776725302,423,491,1
1616776725307,420,490,1
1616776725313,418,488,1
1616776725316,415,486,1
1616776725322,413,484,1
1616776725330,410,482,1
1616776725332,408,480,1
1616776725337,405,478,1
1616776725343,403,476,1
1616776725347,401,474,1
1616776725352,398,472,1
1616776725359,396,470,1
1616776725361,393,468,1
1616776725367,391,466,1
1616776725373,389,463,1
1616776725376,386,461,1
1616776725382,384,458,1
1616776725400,375,448,1
1616776725406,373,446,1
1616776725412,371,443,1
1616776725415,369,440,1
1616776725420,367,438,1
1616776725428,365,435,1
1616776725431,363,432,1
1616776725436,361,430,1
1616776725442,359,427,1
1616776725445,358,424,1
1616776725451,356,421,1
1616776725457,354,418,1
1616776725460,352,415,1
1616776725466,351,412,1
1616776725472,349,409,1
1616776725475,348,406,1
1616776725481,346,403,1
1616776725488,345,400,1
1616776725491,343,396,1
1616776725496,342,393,1
1616776725503,341,390,1
1616776725505,339,386,1
1616776725511,338,383,1
1616776725517,337,380,1
1616776725520,336,376,1
1616776725526,335,373,1
1616776725532,334,369,1
1616776725536,333,365,1
1616776725542,333,362,1
1616776725547,332,358,1
1616776725550,331,354,1
1616776725556,331,350,1
1616776725562,331,347,1
1616776725564,330,343,1
1616776725571,330,339,1
1616776725575,330,335,1
1616776725581,330,331,1
1616776725587,330,327,1
1616776725590,330,323,1
1616776725595,331,320,1
1616776725601,331,316,1
1616776725604,331,312,1
1616776725610,331,308,1
1616776725616,332,304,1
1616776725620,332,300,1
1616776725625,333,296,1
1616776725631,334,293,1
1616776725635,334,289,1
1616776725640,335,285,1
1616776725646,336,281,1
1616776725650,337,277,1
1616776725655,338,274,1
1616776725661,340,270,1
1616776725664,341,266,1
1616776725670,342,263,1
1616776725676,343,259,1
1616776725680,345,255,1
1616776725685,346,252,1
1616776725691,348,248,1
1616776725694,350,245,1
1616776725700,352,242,1
1616776725706,354,238,1
1616776725710,355,235,1
1616776725715,358,231,1
1616776725721,360,228,1
1616776725724,362,225,1
1616776725730,364,221,1
1616776725736,367,218,1
1616776725739,369,215,1
1616776725746,371,211,1
1616776725751,374,208,1
1616776725753,377,205,1
1616776725761,379,201,1
1616776725764,382,198,1
1616776725770,385,195,1
1616776725775,388,192,1
1616776725779,391,189,1
1616776725784,394,186,1
1616776725790,396,183,1
1616776725793,399,180,1
1616776725801,402,177,1
1616776725805,405,174,1
1616776725809,408,172,1
1616776725814,411,169,1
1616776725820,414,167,1
1616776725823,417,165,1
1616776725830,420,162,1
1616776725835,423,160,1
1616776725840,427,158,1
1616776725844,430,156,1
1616776725850,433,154,1
1616776725853,436,152,1
1616776725860,439,150,1
1616776725865,442,148,1
1616776725869,446,147,1
1616776725874,449,145,1
1616776725880,452,144,1
1616776725883,456,142,1
1616776725890,459,141,1
1616776725894,463,139,1
1616776725899,466,138,1
1616776725904,470,136,1
1616776725910,473,135,1
1616776725914,477,134,1
1616776725920,481,133,1
1616776725925,485,131,1
1616776725929,489,130,1
1616776725934,493,129,1
1616776725937,497,128,1
1616776725944,501,127,1
1616776725951,504,126,1
1616776725953,508,125,1
1616776725959,512,124,1
1616776725964,516,123,1
1616776725967,520,122,1
1616776725973,525,122,1
1616776725981,528,121,1
1616776725982,533,120,1
1616776725990,536,120,1
1616776725994,540,119,1
1616776725997,544,119,1
1616776726003,548,119,1
1616776726011,552,118,1
1616776726012,556,118,1
1616776726019,560,118,1
1616776726024,564,118,1
1616776726027,567,118,1
1616776726034,571,118,1
1616776726041,575,119,1
1616776726042,579,119,1
1616776726049,582,119,1
1616776726054,586,120,1
1616776726057,590,120,1
1616776726063,593,121,1
1616776726071,597,121,1
1616776726072,600,122,1
1616776726080,604,123,1
1616776726084,607,123,1
1616776726087,611,124,1
1616776726094,614,125,1
1616776726101,618,126,1
1616776726103,621,127,1
1616776726109,625,128,1
1616776726111,628,129,1
1616776726117,631,130,1
1616776726124,634,131,1
1616776726127,638,133,1
1616776726132,641,134,1
1616776726140,644,136,1
1616776726142,647,138,1
1616776726147,650,139,1
1616776726153,653,141,1
1616776726157,655,143,1
1616776726162,658,145,1
1616776726170,661,147,1
1616776726172,664,149,1
1616776726177,666,151,1
1616776726183,669,153,1
1616776726186,672,156,1
1616776726192,674,158,1
1616776726200,677,160,1
1616776726201,679,163,1
1616776726207,682,165,1
1616776726213,685,168,1
1616776726216,687,171,1
1616776726222,690,174,1
1616776726230,692,176,1
1616776726231,695,179,1
1616776726237,697,182,1
1616776726243,700,185,1
1616776726246,703,187,1
1616776726253,705,190,1
1616776726259,708,193,1
1616776726261,710,196,1
1616776726267,713,199,1
1616776726274,715,202,1
1616776726277,718,205,1
1616776726282,720,208,1
1616776726285,722,211,1
1616776726291,725,214,1
1616776726298,727,217,1
1616776726300,729,220,1
1616776726307,731,224,1
1616776726312,734,227,1
1616776726315,736,230,1
1616776726321,738,233,1
1616776726327,740,237,1
1616776726330,742,240,1
1616776726336,744,243,1
1616776726342,746,247,1
1616776726345,748,250,1
1616776726351,750,254,1
1616776726357,751,258,1
1616776726360,753,261,1
1616776726367,754,265,1
1616776726372,756,268,1
1616776726375,757,272,1
1616776726381,758,276,1
1616776726387,760,280,1
1616776726390,761,283,1
1616776726402,763,291,1
1616776726405,764,294,1
1616776726411,765,298,1
1616776726417,766,302,1
1616776726420,767,306,1
1616776726426,768,309,1
1616776726432,768,313,1
1616776726435,769,317,1
1616776726441,769,320,1
1616776726447,769,324,1
1616776726451,769,328,1
1616776726457,770,331,1
1616776726462,770,335,1
1616776726465,770,338,1
1616776726471,770,342,1
1616776726474,769,345,1
1616776726480,769,349,1
1616776726486,769,352,1
1616776726490,769,356,1
1616776726495,768,359,1
1616776726501,767,363,1
1616776726504,767,366,1
1616776726511,766,370,1
1616776726516,765,373,1
1616776726520,764,377,1
1616776726525,764,380,1
1616776726531,763,383,1
1616776726534,761,387,1
1616776726540,760,390,1
1616776726547,759,393,1
1616776726550,758,397,1
1616776726556,757,400,1
1616776726561,755,403,1
1616776726564,754,407,1
1616776726571,752,410,1
1616776726577,751,413,1
1616776726580,749,417,1
1616776726585,747,420,1
1616776726591,746,424,1
1616776726593,744,427,1
1616776726600,742,430,1
1616776726607,740,434,1
1616776726610,738,437,1
1616776726615,736,440,1
1616776726621,733,443,1
1616776726625,731,447,1
1616776726630,729,450,1
1616776726636,727,453,1
1616776726640,724,456,1
1616776726646,722,459,1
1616776726650,720,462,1
1616776726654,717,465,1
1616776726660,715,467,1
1616776726663,713,470,1
1616776726670,710,473,1
1616776726675,708,475,1
1616776726679,705,478,1
1616776726684,703,480,1
1616776726690,700,483,1
1616776726693,698,485,1
1616776726700,695,487,1
1616776726705,692,490,1
1616776726709,690,492,1
1616776726714,687,494,1
1616776726720,684,496,1
1616776726723,682,498,1
1616776726730,679,499,1
1616776726735,676,501,1
1616776726739,673,502,1
1616776726744,671,504,1
1616776726750,668,505,1
1616776726753,665,506,1
1616776726760,662,507,1
1616776726765,660,508,1
1616776726769,657,509,1
1616776726774,654,510,1
1616776726780,652,511,1
1616776726783,649,512,1
1616776726790,646,513,1
1616776726795,643,514,1
1616776726799,640,515,1
1616776726804,637,516,1
1616776726810,634,517,1
1616776726813,631,518,1
1616776726820,628,518,1
1616776726825,625,519,1
1616776726829,622,520,1
1616776726834,619,521,1
1616776726838,616,521,1
1616776726843,613,522,1
1616776726851,610,523,1
1616776726852,607,523,1
1616776726859,604,524,1
1616776726864,600,525,1
1616776726867,597,525,1
1616776726874,594,526,1
1616776726881,591,526,1
1616776726883,588,527,1
1616776726890,584,527,1
1616776726894,581,528,1
1616776726897,578,528,1
1616776726903,574,528,1
1616776726911,571,529,1
1616776726912,568,529,1
1616776726919,565,529,1
1616776726924,561,529,1
1616776726927,558,529,1
1616776726934,555,529,1
1616776726941,552,529,1
1616776726943,549,529,1
1616776726949,546,528,1
1616776726954,542,528,1
1616776726957,539,528,1
1616776726963,536,527,1
1616776726971,533,527,1
1616776726973,530,526,1
1616776726979,527,526,1
1616776726983,524,525,1
1616776726988,521,524,1
1616776726994,518,523,1
1616776727001,515,522,1
1616776727002,512,521,1
1616776727011,509,520,1
1616776727011,506,519,1
1616776727017,503,518,1
1616776727023,500,517,1
1616776727026,497,516,1
1616776727032,494,515,1
1616776727040,491,514,1
1616776727042,489,513,1
1616776727047,486,511,1
1616776727053,483,510,1
1616776727056,480,508,1
1616776727062,477,507,1
1616776727070,474,505,1
1616776727072,471,504,1
1616776727077,468,502,1
1616776727083,466,501,1
1616776727086,463,499,1
1616776727093,460,498,1
1616776727100,457,496,1
1616776727102,454,495,1
1616776727108,451,493,1
1616776727113,448,491,1
1616776727116,445,490,1
1616776727123,442,488,1
1616776727130,439,486,1
1616776727132,437,485,1
1616776727137,434,483,1
1616776727143,431,481,1
1616776727147,428,479,1
1616776727153,426,477,1
1616776727160,423,474,1
1616776727162,421,472,1
1616776727167,418,470,1
1616776727174,415,468,1
1616776727176,413,466,1
1616776727184,411,464,1
1616776727185,408,461,1
1616776727192,406,459,1
1616776727197,404,457,1
1616776727200,402,454,1
1616776727206,400,451,1
1616776727214,398,449,1
1616776727216,396,446,1
1616776727222,394,443,1
1616776727228,392,440,1
1616776727230,391,437,1
1616776727237,389,434,1
1616776727244,387,431,1
1616776727246,386,428,1
1616776727252,384,424,1
1616776727257,383,421,1
1616776727260,381,418,1
1616776727266,380,415,1
1616776727274,378,411,1
1616776727275,377,408,1
1616776727283,376,405,1
1616776727287,374,402,1
1616776727291,373,399,1
1616776727296,372,396,1
1616776727304,370,393,1
1616776727306,369,390,1
1616776727312,368,387,1
1616776727317,366,384,1
1616776727320,365,381,1
1616776727326,364,378,1
1616776727334,363,375,1
1616776727336,362,372,1
1616776727342,361,369,1
1616776727348,360,366,1
1616776727350,359,363,1
1616776727357,358,360,1
1616776727359,357,357,1
1616776727365,356,353,1
1616776727373,356,350,1
1616776727374,355,347,1
1616776727380,355,344,1
1616776727386,354,340,1
1616776727389,354,337,1
1616776727395,354,334,1
1616776727410,353,323,1
1616776727416,353,320,1
1616776727419,354,316,1
1616776727425,354,313,1
1616776727433,354,310,1
1616776727435,354,306,1
1616776727440,355,303,1
1616776727446,355,300,1
1616776727449,356,296,1
1616776727456,356,293,1
1616776727464,357,290,1
1616776727465,358,286,1
1616776727470,358,283,1
1616776727476,359,280,1
1616776727479,360,277,1
1616776727485,361,273,1
1616776727493,362,270,1
1616776727495,363,267,1
1616776727500,364,263,1
1616776727506,365,260,1
1616776727509,366,257,1
1616776727515,368,253,1
1616776727523,369,250,1
1616776727524,370,247,1
1616776727530,372,243,1
1616776727536,373,240,1
1616776727539,375,236,1
1616776727545,377,233,1
1616776727548,378,229,1
1616776727554,380,226,1
1616776727560,382,222,1
1616776727570,386,215,1
1616776727575,388,211,1
1616776727578,390,208,1
1616776727584,392,204,1
1616776727591,394,201,1
1616776727595,396,197,1
1616776727599,398,194,1
1616776727605,401,191,1
1616776727607,403,187,1
1616776727613,405,184,1
1616776727620,408,181,1
1616776727622,410,178,1
1616776727630,413,175,1
1616776727635,415,172,1
1616776727638,418,169,1
1616776727644,421,167,1
1616776727650,424,164,1
1616776727653,426,161,1
1616776727660,429,159,1
1616776727665,432,156,1
1616776727667,435,154,1
1616776727674,438,152,1
1616776727681,441,149,1
1616776727683,444,147,1
1616776727689,447,145,1
1616776727695,450,143,1
1616776727698,453,142,1
1616776727704,457,140,1
1616776727710,460,138,1
1616776727713,463,137,1
1616776727720,466,136,1
1616776727722,469,134,1
1616776727729,473,133,1
1616776727734,476,132,1
1616776727736,479,131,1
1616776727743,482,130,1
1616776727750,486,129,1
1616776727752,489,128,1
1616776727758,492,127,1
1616776727764,495,127,1
1616776727767,499,126,1
1616776727773,502,126,1
1616776727780,505,125,1
1616776727783,509,125,1
1616776727789,512,124,1
1616776727794,516,124,1
1616776727797,519,124,1
1616776727803,523,123,1
1616776727809,527,123,1
1616776727812,530,123,1
1616776727818,534,122,1
1616776727824,538,122,1
1616776727827,542,122,1
1616776727833,545,121,1
1616776727840,549,121,1
1616776727842,553,121,1
1616776727848,557,120,1
1616776727855,561,120,1
1616776727856,565,120,1
1616776727863,568,120,1
1616776727869,572,119,1
1616776727873,576,119,1
1616776727878,580,119,1
1616776727884,584,119,1
1616776727886,587,119,1
1616776727893,591,119,1
1616776727896,595,119,1
1616776727903,598,119,1
1616776727908,602,119,1
1616776727912,605,120,1
1616776727917,609,120,1
1616776727923,612,120,1
1616776727926,616,121,1
1616776727933,619,121,1
1616776727938,623,122,1
1616776727942,626,123,1
1616776727947,630,124,1
1616776727953,633,125,1
1616776727956,636,126,1
1616776727963,639,127,1
1616776727968,642,128,1
1616776727972,646,129,1
1616776727977,649,130,1
1616776727983,652,131,1
1616776727986,655,133,1
1616776727993,658,134,1
1616776727998,661,136,1
1616776728002,664,137,1
1616776728007,667,139,1
1616776728013,670,140,1
1616776728016,673,142,1
1616776728023,676,143,1
1616776728029,679,145,1
1616776728032,682,147,1
1616776728037,684,149,1
1616776728043,687,151,1
1616776728046,690,153,1
1616776728054,692,155,1
1616776728058,695,157,1
1616776728062,697,160,1
1616776728067,700,162,1
1616776728074,702,164,1
1616776728076,704,167,1
1616776728085,707,169,1
1616776728085,709,172,1
1616776728092,711,174,1
1616776728097,714,177,1
1616776728100,716,180,1
1616776728107,718,182,1
1616776728114,720,185,1
1616776728115,722,188,1
1616776728122,724,191,1
1616776728127,727,194,1
1616776728131,729,197,1
1616776728137,731,200,1
1616776728145,733,203,1
1616776728146,735,206,1
1616776728152,737,209,1
1616776728157,739,212,1
1616776728161,741,215,1
1616776728166,743,218,1
1616776728174,745,221,1
1616776728175,747,224,1
1616776728183,749,227,1
1616776728187,751,230,1
1616776728190,753,233,1
1616776728197,755,237,1
1616776728204,756,240,1
1616776728206,758,243,1
1616776728213,760,246,1
1616776728218,761,250,1
1616776728220,763,253,1
1616776728226,764,257,1
1616776728233,765,260,1
1616776728236,767,263,1
1616776728243,768,267,1
1616776728247,769,271,1
1616776728250,770,274,1
1616776728257,771,278,1
1616776728261,772,281,1
1616776728265,772,284,1
1616776728274,773,288,1
1616776728275,774,291,1
1616776728280,775,295,1
1616776728287,776,299,1
1616776728290,776,302,1
1616776728296,777,306,1
1616776728303,778,309,1
1616776728305,779,313,1
1616776728310,779,317,1
1616776728316,780,320,1
1616776728320,780,324,1
1616776728325,780,327,1
1616776728334,781,331,1
1616776728335,781,334,1
1616776728340,781,338,1
1616776728346,781,341,1
1616776728350,781,345,1
1616776728355,781,348,1
1616776728364,781,352,1
1616776728365,781,355,1
1616776728370,780,359,1
1616776728377,780,363,1
1616776728381,779,366,1
1616776728386,779,369,1
1616776728393,778,373,1
1616776728395,777,376,1
1616776728400,776,379,1
1616776728415,773,389,1
1616776728423,772,392,1
1616776728426,771,395,1
1616776728430,769,399,1
1616776728435,768,402,1
1616776728439,767,405,1
1616776728446,766,408,1
1616776728449,764,411,1
1616776728455,763,413,1
1616776728461,761,416,1
1616776728464,760,419,1
1616776728469,758,422,1
1616776728475,756,425,1
1616776728478,755,427,1
1616776728484,753,430,1
1616776728490,751,433,1
1616776728494,749,435,1
1616776728500,747,438,1
1616776728506,745,440,1
1616776728509,743,443,1
1616776728515,741,445,1
1616776728521,739,448,1
1616776728524,736,450,1
1616776728529,734,453,1
1616776728535,731,455,1
1616776728539,729,458,1
1616776728544,726,460,1
1616776728551,724,463,1
1616776728554,721,465,1
1616776728559,719,468,1
1616776728565,716,470,1
1616776728569,713,473,1
1616776728574,711,475,1
1616776728580,708,477,1
1616776728584,705,480,1
1616776728589,702,482,1
1616776728596,699,484,1
1616776728599,696,487,1
1616776728605,693,489,1
1616776728608,690,491,1
1616776728613,687,493,1
1616776728619,684,495,1
1616776728623,681,498,1
1616776728628,678,500,1
1616776728634,675,502,1
1616776728638,672,504,1
1616776728644,669,506,1
1616776728649,665,508,1
1616776728653,662,510,1
1616776728659,659,512,1
1616776728664,656,513,1
1616776728668,653,515,1
1616776728674,650,517,1
1616776728679,646,518,1
1616776728683,643,520,1
1616776728689,640,521,1
1616776728695,637,523,1
1616776728698,634,524,1
1616776728703,630,525,1
1616776728709,627,526,1
1616776728713,624,527,1
1616776728718,621,528,1
1616776728724,618,529,1
1616776728728,615,529,1
1616776728733,612,530,1
1616776728739,609,530,1
1616776728743,606,531,1
1616776728748,603,531,1
1616776728755,600,531,1
1616776728758,597,531,1
1616776728763,594,531,1
1616776728769,592,532,1
1616776728773,589,532,1
1616776728778,586,532,1
1616776728785,583,532,1
1616776728788,580,532,1
1616776728793,577,532,1
1616776728797,574,531,1
1616776728804,571,531,1
1616776728808,568,531,1
1616776728813,565,531,1
1616776728817,562,530,1
1616776728823,559,530,1
1616776728826,556,530,1
1616776728833,553,530,1
1616776728838,550,529,1
1616776728842,547,529,1
1616776728847,544,529,1
1616776728853,540,528,1
1616776728857,537,528,1
1616776728864,534,528,1
1616776728868,531,527,1
1616776728872,528,527,1
1616776728877,525,526,1
1616776728884,522,526,1
1616776728887,518,525,1
1616776728893,515,525,1
1616776728900,512,524,1
1616776728904,509,524,1
1616776728909,505,523,1
1616776728914,502,522,1
1616776728919,498,522,1
1616776728924,495,521,1
1616776728928,492,520,1
1616776728933,489,520,1
1616776728938,485,519,1
1616776728944,482,518,1
1616776728947,479,517,1
1616776728954,475,516,1
1616776728958,472,515,1
1616776728962,469,514,1
1616776728967,466,512,1
1616776728970,463,511,1
1616776728976,460,510,1
1616776728984,457,508,1
1616776728986,454,507,1
1616776728993,451,505,1
1616776728997,448,504,1
1616776729000,445,502,1
1616776729006,442,501,1
1616776729014,439,499,1
1616776729016,435,498,1
1616776729022,432,496,1
1616776729028,429,494,1
1616776729031,426,493,1
1616776729037,423,491,1
1616776729044,420,489,1
1616776729045,418,487,1
1616776729053,415,486,1
1616776729057,412,484,1
1616776729060,409,482,1
1616776729067,406,480,1
1616776729073,403,478,1
1616776729075,400,475,1
1616776729082,398,473,1
1616776729087,395,471,1
1616776729091,393,469,1
1616776729097,390,466,1
1616776729104,388,464,1
1616776729106,385,461,1
1616776729113,383,459,1
1616776729117,381,456,1
1616776729121,379,453,1
1616776729126,377,451,1
1616776729134,375,448,1
1616776729136,373,445,1
1616776729144,371,442,1
1616776729145,369,439,1
1616776729149,367,436,1
1616776729156,366,433,1
1616776729160,364,430,1
1616776729165,362,427,1
1616776729172,361,424,1
1616776729175,359,421,1
1616776729180,358,418,1
1616776729186,356,415,1
1616776729190,355,412,1
1616776729195,353,409,1
1616776729203,352,406,1
1616776729205,350,403,1
1616776729210,349,400,1
1616776729216,348,397,1
1616776729220,346,394,1
1616776729226,345,391,1
1616776729233,344,388,1
1616776729235,342,385,1
1616776729240,341,382,1
1616776729247,340,379,1
1616776729250,340,375,1
1616776729255,339,372,1
1616776729263,338,369,1
1616776729264,337,366,1
1616776729271,337,362,1
1616776729277,337,359,1
1616776729279,336,355,1
1616776729285,336,351,1
1616776729294,336,348,1
1616776729296,336,344,1
1616776729300,336,340,1
1616776729306,336,337,1
1616776729309,336,333,1
1616776729315,337,329,1
1616776729323,337,326,1
1616776729324,338,322,1
1616776729330,338,318,1
1616776729334,339,315,1
1616776729339,340,311,1
1616776729346,340,307,1
1616776729349,341,304,1
1616776729354,342,300,1
1616776729360,343,296,1
1616776729363,344,293,1
1616776729370,345,289,1
1616776729376,346,285,1
1616776729379,347,282,1
1616776729385,348,278,1
1616776729391,349,274,1
1616776729393,350,271,1
1616776729398,351,267,1
1616776729414,355,257,1
1616776729420,357,254,1
1616776729424,358,250,1
1616776729429,359,247,1
1616776729435,361,244,1
1616776729439,362,240,1
1616776729444,364,237,1
1616776729450,366,234,1
1616776729454,368,230,1
1616776729459,369,227,1
1616776729465,371,224,1
1616776729469,373,220,1
1616776729475,375,217,1
1616776729480,377,214,1
1616776729485,379,211,1
1616776729489,381,208,1
1616776729495,383,204,1
1616776729499,386,201,1
1616776729505,388,198,1
1616776729508,390,195,1
1616776729514,393,192,1
1616776729519,395,188,1
1616776729523,397,185,1
1616776729528,400,182,1
1616776729534,402,179,1
1616776729538,405,176,1
1616776729543,407,173,1
1616776729549,409,170,1
1616776729553,412,167,1
1616776729558,415,164,1
1616776729566,417,161,1
1616776729568,420,158,1
1616776729573,423,155,1
1616776729580,425,153,1
1616776729584,428,150,1
1616776729589,430,148,1
1616776729597,433,145,1
1616776729598,436,143,1
1616776729604,438,141,1
1616776729610,441,139,1
1616776729613,444,137,1
1616776729618,447,135,1
1616776729627,449,133,1
1616776729628,452,132,1
1616776729633,455,130,1
1616776729639,458,129,1
1616776729642,461,127,1
1616776729648,464,126,1
1616776729655,466,125,1
1616776729657,469,124,1
1616776729663,472,123,1
1616776729670,475,122,1
1616776729673,478,122,1
1616776729678,481,121,1
1616776729682,484,120,1
1616776729688,486,120,1
1616776729693,489,120,1
1616776729697,492,119,1
1616776729703,495,119,1
1616776729708,498,119,1
1616776729712,501,118,1
1616776729718,504,118,1
1616776729723,507,118,1
1616776729727,510,118,1
1616776729732,514,118,1
1616776729739,517,118,1
1616776729742,520,118,1
1616776729747,523,118,1
1616776729753,527,118,1
1616776729757,530,118,1
1616776729762,533,118,1
1616776729768,537,119,1
1616776729771,540,119,1
1616776729777,544,119,1
1616776729783,547,119,1
1616776729787,551,120,1
1616776729792,554,120,1
1616776729798,558,121,1
1616776729801,561,121,1
1616776729808,564,122,1
1616776729813,568,122,1
1616776729817,571,123,1
1616776729822,574,124,1
1616776729829,578,125,1
1616776729832,581,125,1
1616776729838,585,126,1
1616776729844,588,127,1
1616776729847,591,128,1
1616776729852,595,129,1
1616776729856,598,130,1
1616776729861,602,131,1
1616776729868,605,132,1
1616776729871,609,133,1
1616776729877,612,135,1
1616776729882,616,136,1
1616776729886,619,137,1
1616776729892,623,138,1
1616776729897,626,140,1
1616776729901,629,141,1
1616776729906,633,142,1
1616776729913,636,144,1
1616776729917,639,145,1
1616776729921,643,147,1
1616776729927,646,148,1
1616776729930,649,150,1
1616776729937,653,152,1
1616776729943,656,153,1
1616776729946,659,155,1
1616776729952,662,157,1
1616776729957,666,159,1
1616776729960,669,160,1
1616776729966,672,162,1
1616776729972,675,164,1
1616776729977,678,165,1
1616776729981,682,167,1
1616776729987,685,169,1
1616776729990,688,171,1
1616776729997,690,173,1
1616776730002,693,175,1
1616776730006,696,177,1
1616776730012,698,179,1
1616776730017,701,182,1
1616776730021,703,184,1
1616776730026,706,186,1
1616776730033,708,189,1
1616776730037,711,191,1
1616776730041,713,194,1
1616776730045,715,196,1
1616776730050,717,199,1
1616776730056,720,201,1
1616776730060,722,204,1
1616776730065,724,207,1
1616776730071,726,209,1
1616776730075,728,212,1
1616776730080,730,215,1
1616776730086,732,218,1
1616776730089,734,220,1
1616776730095,736,223,1
1616776730101,738,226,1
1616776730105,740,228,1
1616776730110,741,231,1
1616776730116,743,234,1
1616776730120,745,237,1
1616776730125,747,241,1
1616776730131,748,244,1
1616776730135,750,247,1
1616776730140,752,250,1
1616776730146,753,253,1
1616776730150,754,256,1
1616776730155,756,260,1
1616776730162,757,263,1
1616776730166,758,266,1
1616776730170,760,269,1
1616776730176,761,273,1
1616776730180,762,276,1
1616776730185,763,279,1
1616776730192,764,282,1
1616776730195,766,286,1
1616776730200,767,289,1
1616776730206,768,292,1
1616776730210,769,295,1
1616776730215,770,299,1
1616776730219,771,302,1
1616776730225,772,305,1
1616776730230,772,309,1
1616776730235,773,312,1
1616776730240,774,315,1
1616776730245,775,319,1
1616776730249,775,322,1
1616776730254,776,325,1
1616776730260,776,329,1
1616776730264,776,332,1
1616776730269,777,336,1
1616776730275,777,339,1
1616776730278,777,343,1
1616776730285,777,346,1
1616776730290,777,349,1
1616776730294,777,353,1
1616776730299,777,356,1
1616776730307,777,359,1
1616776730309,777,363,1
1616776730315,776,366,1
1616776730320,776,369,1
1616776730324,775,373,1
1616776730329,775,376,1
1616776730338,774,379,1
1616776730339,774,382,1
1616776730344,773,385,1
1616776730350,772,388,1
1616776730354,771,391,1
1616776730359,770,394,1
1616776730367,769,398,1
1616776730369,768,401,1
1616776730374,767,404,1
1616776730381,766,406,1
1616776730384,764,409,1
1616776730389,763,412,1
1616776730393,762,415,1
1616776730399,760,418,1
1616776730404,759,421,1
1616776730407,757,424,1
1616776730424,752,432,1
1616776730429,750,435,1
1616776730434,748,438,1
1616776730439,746,440,1
1616776730444,744,443,1
1616776730449,742,446,1
1616776730452,740,449,1
1616776730458,738,451,1
1616776730465,736,454,1
1616776730468,734,456,1
1616776730473,732,459,1
1616776730479,729,461,1
1616776730482,727,464,1
1616776730488,725,466,1
1616776730494,722,469,1
1616776730498,720,471,1
1616776730504,717,473,1
1616776730510,715,476,1
1616776730513,712,478,1
1616776730518,710,480,1
1616776730524,707,482,1
1616776730528,705,484,1
1616776730533,702,486,1
1616776730540,700,488,1
1616776730543,697,490,1
1616776730548,695,492,1
1616776730554,692,494,1
1616776730558,690,495,1
1616776730563,688,497,1
1616776730567,685,499,1
1616776730572,683,500,1
1616776730578,681,501,1
1616776730581,678,503,1
1616776730588,676,504,1
1616776730593,674,505,1
1616776730597,671,507,1
1616776730603,669,508,1
1616776730608,666,509,1
1616776730612,664,510,1
1616776730617,661,511,1
1616776730624,659,512,1
1616776730627,657,513,1
1616776730632,654,514,1
1616776730638,652,515,1
1616776730642,649,516,1
1616776730648,646,517,1
1616776730653,644,518,1
1616776730657,641,519,1
1616776730662,638,519,1
1616776730669,635,520,1
1616776730672,633,521,1
1616776730677,630,522,1
1616776730684,627,522,1
1616776730688,624,523,1
1616776730692,621,524,1
1616776730698,618,524,1
1616776730701,616,525,1
1616776730707,613,526,1
1616776730713,610,527,1
1616776730717,606,527,1
1616776730722,603,528,1
1616776730728,600,529,1
1616776730732,597,529,1
1616776730737,594,530,1
1616776730743,591,530,1
1616776730747,588,531,1
1616776730753,584,531,1
1616776730757,581,532,1
1616776730761,578,532,1
1616776730768,575,532,1
1616776730771,572,532,1
1616776730777,568,533,1
1616776730782,565,533,1
1616776730786,562,533,1
1616776730791,559,533,1
1616776730798,556,533,1
1616776730800,552,533,1
1616776730808,549,533,1
1616776730812,546,532,1
1616776730816,543,532,1
1616776730821,539,532,1
1616776730828,536,532,1
1616776730832,533,531,1
1616776730838,530,531,1
1616776730842,526,530,1
1616776730847,523,530,1
1616776730851,520,529,1
1616776730857,517,529,1
1616776730861,513,528,1
1616776730868,510,528,1
1616776730872,507,527,1
1616776730876,504,526,1
1616776730881,501,526,1
1616776730888,497,525,1
1616776730891,494,524,1
1616776730898,491,523,1
1616776730902,488,522,1
1616776730907,485,521,1
1616776730911,482,520,1
1616776730918,479,519,1
1616776730921,476,518,1
1616776730928,473,517,1
1616776730930,470,515,1
1616776730936,468,514,1
1616776730941,465,513,1
1616776730945,462,511,1
1616776730951,459,510,1
1616776730958,456,509,1
1616776730960,453,508,1
1616776730966,450,506,1
1616776730971,447,505,1
1616776730974,444,504,1
1616776730981,442,502,1
1616776730988,439,501,1
1616776730990,436,500,1
1616776730996,433,499,1
1616776731001,430,498,1
1616776731004,427,496,1
1616776731010,425,495,1
1616776731018,422,493,1
1616776731020,419,492,1
1616776731026,416,490,1
1616776731031,414,489,1
1616776731035,411,487,1
1616776731041,408,486,1
1616776731048,406,484,1
1616776731049,403,482,1
1616776731057,401,480,1
1616776731060,398,478,1
1616776731065,396,476,1
1616776731071,393,474,1
1616776731078,391,472,1
1616776731080,389,470,1
1616776731087,387,467,1
1616776731091,384,465,1
1616776731094,382,463,1
1616776731101,380,460,1
1616776731104,378,458,1
1616776731109,376,455,1
1616776731117,375,453,1
1616776731119,373,450,1
1616776731124,371,447,1
1616776731130,370,445,1
1616776731133,368,442,1
1616776731139,367,439,1
1616776731148,365,436,1
1616776731149,364,433,1
1616776731154,362,431,1
1616776731160,361,428,1
1616776731164,360,425,1
1616776731169,358,422,1
1616776731177,357,419,1
1616776731179,356,416,1
1616776731184,355,413,1
1616776731190,354,410,1
1616776731193,353,407,1
1616776731199,352,404,1
1616776731207,351,401,1
1616776731209,350,398,1
1616776731215,349,394,1
1616776731220,348,391,1
1616776731223,348,388,1
1616776731229,347,384,1
1616776731237,347,381,1
1616776731239,346,377,1
1616776731244,346,373,1
1616776731251,346,370,1
1616776731254,346,366,1
1616776731260,346,362,1
1616776731267,346,358,1
1616776731268,346,354,1
1616776731274,346,349,1
1616776731281,346,345,1
1616776731284,347,341,1
1616776731289,347,337,1
1616776731294,347,333,1
1616776731298,347,329,1
1616776731304,348,325,1
1616776731307,348,321,1
1616776731313,349,317,1
1616776731320,349,313,1
1616776731323,350,309,1
1616776731329,350,305,1
1616776731335,351,301,1
1616776731338,351,297,1
1616776731344,352,293,1
1616776731349,353,290,1
1616776731354,354,286,1
1616776731358,355,282,1
1616776731364,356,278,1
1616776731368,357,275,1
1616776731374,358,271,1
1616776731379,360,267,1
1616776731383,361,263,1
1616776731388,362,259,1
1616776731394,364,256,1
1616776731398,365,252,1
1616776731403,367,248,1
1616776731409,369,245,1
1616776731413,370,241,1
1616776731434,377,227,1
1616776731439,379,223,1
1616776731442,381,220,1
1616776731448,383,216,1
1616776731455,386,212,1
1616776731458,388,209,1
1616776731463,391,205,1
1616776731467,393,202,1
1616776731472,396,198,1
1616776731478,399,194,1
1616776731482,401,191,1
1616776731487,404,188,1
1616776731493,407,184,1
1616776731498,409,181,1
1616776731502,412,178,1
1616776731508,415,175,1
1616776731511,417,172,1
1616776731517,420,170,1
1616776731523,423,167,1
1616776731527,426,164,1
1616776731532,429,162,1
1616776731538,432,159,1
1616776731541,435,157,1
1616776731546,439,154,1
1616776731552,442,152,1
1616776731556,445,149,1
1616776731561,449,147,1
1616776731567,452,145,1
1616776731570,455,143,1
1616776731576,459,141,1
1616776731583,463,139,1
1616776731587,466,137,1
1616776731592,470,135,1
1616776731598,473,134,1
1616776731601,477,132,1
1616776731607,481,131,1
1616776731613,484,130,1
1616776731617,488,129,1
1616776731622,492,128,1
1616776731629,496,127,1
1616776731631,500,126,1
1616776731637,503,125,1
1616776731639,507,125,1
1616776731647,511,124,1
1616776731652,515,123,1
1616776731657,519,123,1
1616776731661,523,122,1
1616776731667,527,122,1
1616776731670,531,122,1
1616776731677,536,121,1
1616776731682,540,121,1
1616776731686,544,121,1
1616776731691,548,120,1
1616776731697,552,120,1
1616776731700,556,120,1
1616776731707,560,120,1
1616776731712,564,120,1
1616776731716,568,120,1
1616776731721,572,120,1
1616776731727,576,121,1
1616776731730,580,121,1
1616776731737,584,121,1
1616776731742,589,122,1
1616776731746,593,122,1
1616776731751,597,123,1
1616776731757,601,123,1
1616776731759,605,124,1
1616776731767,609,125,1
1616776731772,613,126,1
1616776731777,617,127,1
1616776731781,621,128,1
1616776731787,625,128,1
1616776731790,629,130,1
1616776731797,633,131,1
1616776731803,637,132,1
1616776731806,641,133,1
1616776731811,645,135,1
1616776731818,649,136,1
1616776731821,653,138,1
1616776731828,657,139,1
1616776731830,661,141,1
1616776731836,664,143,1
1616776731840,668,144,1
1616776731844,672,146,1
1616776731850,676,148,1
1616776731858,679,150,1
1616776731860,683,152,1
1616776731866,687,155,1
1616776731871,690,157,1
1616776731874,694,159,1
1616776731881,697,162,1
1616776731888,700,164,1
1616776731890,704,167,1
1616776731896,707,169,1
1616776731902,710,172,1
1616776731905,713,175,1
1616776731911,717,177,1
1616776731918,720,180,1
1616776731919,723,183,1
1616776731927,726,186,1
1616776731931,728,189,1
1616776731934,731,192,1
1616776731941,734,195,1
1616776731948,737,198,1
1616776731949,739,201,1
1616776731956,742,204,1
1616776731961,744,208,1
1616776731964,747,211,1
1616776731970,749,214,1
1616776731978,751,217,1
1616776731980,753,221,1
1616776731986,755,224,1
1616776731991,757,228,1
1616776731994,759,231,1
1616776732001,761,235,1
1616776732003,763,238,1
1616776732009,764,242,1
1616776732017,766,246,1
1616776732018,767,250,1
1616776732024,769,253,1
1616776732030,770,257,1
1616776732033,772,261,1
1616776732040,773,265,1
1616776732047,774,269,1
1616776732048,775,273,1
1616776732054,775,277,1
1616776732060,776,282,1
1616776732064,776,286,1
1616776732069,777,290,1
1616776732077,777,294,1
1616776732079,778,299,1
1616776732084,778,303,1
1616776732090,778,307,1
1616776732093,778,311,1
1616776732099,778,316,1
1616776732106,778,320,1
1616776732108,777,324,1
1616776732114,777,328,1
1616776732120,776,332,1
1616776732123,776,337,1
1616776732129,775,341,1
1616776732136,775,345,1
1616776732138,774,350,1
1616776732144,773,354,1
1616776732150,772,358,1
1616776732153,771,362,1
1616776732159,770,366,1
1616776732167,769,370,1
1616776732169,767,375,1
1616776732174,766,379,1
1616776732177,765,383,1
1616776732184,763,387,1
1616776732189,762,391,1
1616776732192,760,395,1
1616776732198,759,399,1
1616776732204,757,403,1
1616776732207,755,407,1
1616776732213,753,411,1
1616776732219,751,415,1
1616776732222,749,419,1
1616776732229,747,422,1
1616776732235,745,426,1
1616776732238,743,430,1
1616776732243,741,434,1
1616776732249,738,438,1
1616776732252,736,441,1
1616776732258,734,445,1
1616776732265,731,448,1
1616776732267,729,452,1
1616776732273,726,455,1
1616776732280,724,459,1
1616776732282,721,462,1
1616776732288,719,465,1
1616776732294,716,468,1
1616776732297,713,471,1
1616776732304,711,474,1
1616776732309,708,477,1
1616776732312,705,479,1
1616776732318,703,482,1
1616776732324,700,484,1
1616776732328,697,486,1
1616776732333,694,489,1
